person,gender,pref,wild,model,score
1,Female,none,False,d,2
1,Female,none,False,r,3
1,Female,none,False,a,1
2,Female,none,True,d,1
2,Female,none,True,r,3
2,Female,none,True,a,2
3,Female,none,False,r,3
3,Female,none,False,a,2
3,Female,none,False,d,1
4,Female,none,True,r,3
4,Female,none,True,d,2
4,Female,none,True,a,1
5,Female,none,False,r,3
5,Female,none,False,a,1
5,Female,none,False,d,2
6,Female,none,True,a,1
6,Female,none,True,r,3
6,Female,none,True,d,2
7,Female,none,False,d,3
7,Female,none,False,r,2
7,Female,none,False,a,1
8,Female,none,True,a,1
8,Female,none,True,r,3
8,Female,none,True,d,2
9,Female,none,False,a,2
9,Female,none,False,d,1
9,Female,none,False,r,3
10,Female,none,True,d,3
10,Female,none,True,a,1
10,Female,none,True,r,2
11,Female,none,False,d,1
11,Female,none,False,r,3
11,Female,none,False,a,2
12,Female,none,True,d,2
12,Female,none,True,r,3
12,Female,none,True,a,1
13,Female,none,False,a,2
13,Female,none,False,d,1
13,Female,none,False,r,3
14,Female,none,True,d,3
14,Female,none,True,r,2
14,Female,none,True,a,1
15,Female,none,False,d,2
15,Female,none,False,a,1
15,Female,none,False,r,3
16,Female,none,True,r,2
16,Female,none,True,d,1
16,Female,none,True,a,3
17,Female,none,False,d,2
17,Female,none,False,a,1
17,Female,none,False,r,3
18,Female,none,True,d,3
18,Female,none,True,a,1
18,Female,none,True,r,2
19,Female,none,False,d,1
19,Female,none,False,r,3
19,Female,none,False,a,2
20,Female,none,True,a,1
20,Female,none,True,d,2
20,Female,none,True,r,3
21,Female,none,False,r,3
21,Female,none,False,d,2
21,Female,none,False,a,1
22,Female,none,True,d,2
22,Female,none,True,a,1
22,Female,none,True,r,3
23,Female,none,False,r,3
23,Female,none,False,d,2
23,Female,none,False,a,1
24,Female,none,True,r,3
24,Female,none,True,a,2
24,Female,none,True,d,1
25,Female,none,False,d,1
25,Female,none,False,a,2
25,Female,none,False,r,3
26,Female,none,True,d,1
26,Female,none,True,a,2
26,Female,none,True,r,3
27,Female,none,False,d,2
27,Female,none,False,a,1
27,Female,none,False,r,3
28,Female,none,True,r,3
28,Female,none,True,d,2
28,Female,none,True,a,1
29,Female,none,False,r,3
29,Female,none,False,d,2
29,Female,none,False,a,1
30,Female,none,True,a,2
30,Female,none,True,d,1
30,Female,none,True,r,3
31,Male,none,False,d,2
31,Male,none,False,r,3
31,Male,none,False,a,1
32,Male,none,True,d,1
32,Male,none,True,r,3
32,Male,none,True,a,2
33,Male,none,False,r,3
33,Male,none,False,a,1
33,Male,none,False,d,2
34,Male,none,True,r,3
34,Male,none,True,d,2
34,Male,none,True,a,1
35,Male,none,False,r,3
35,Male,none,False,a,2
35,Male,none,False,d,1
36,Male,none,True,a,1
36,Male,none,True,r,2
36,Male,none,True,d,3
37,Male,none,False,d,2
37,Male,none,False,r,3
37,Male,none,False,a,1
38,Male,none,True,a,1
38,Male,none,True,r,3
38,Male,none,True,d,2
39,Male,none,False,a,3
39,Male,none,False,d,2
39,Male,none,False,r,1
40,Male,none,True,d,2
40,Male,none,True,a,1
40,Male,none,True,r,3
41,Male,none,False,d,1
41,Male,none,False,r,3
41,Male,none,False,a,2
42,Male,none,True,d,2
42,Male,none,True,r,1
42,Male,none,True,a,3
43,Male,none,False,a,1
43,Male,none,False,d,2
43,Male,none,False,r,3
44,Male,none,True,d,3
44,Male,none,True,r,2
44,Male,none,True,a,1
45,Male,none,False,d,1
45,Male,none,False,a,2
45,Male,none,False,r,3
46,Male,none,True,r,3
46,Male,none,True,d,1
46,Male,none,True,a,2
47,Male,none,False,d,2
47,Male,none,False,a,1
47,Male,none,False,r,3
48,Male,none,True,d,2
48,Male,none,True,a,3
48,Male,none,True,r,1
49,Male,none,False,d,1
49,Male,none,False,r,3
49,Male,none,False,a,2
50,Male,none,True,a,1
50,Male,none,True,d,2
50,Male,none,True,r,3
51,Male,none,False,r,3
51,Male,none,False,d,2
51,Male,none,False,a,1
52,Male,none,True,d,1
52,Male,none,True,a,2
52,Male,none,True,r,3
53,Male,none,False,r,3
53,Male,none,False,d,2
53,Male,none,False,a,1
54,Male,none,True,r,3
54,Male,none,True,a,2
54,Male,none,True,d,1
55,Male,none,False,d,1
55,Male,none,False,a,2
55,Male,none,False,r,3
56,Male,none,True,d,3
56,Male,none,True,a,1
56,Male,none,True,r,2
57,Male,none,False,d,1
57,Male,none,False,a,2
57,Male,none,False,r,3
58,Male,none,True,r,3
58,Male,none,True,d,2
58,Male,none,True,a,1
59,Male,none,False,r,3
59,Male,none,False,d,2
59,Male,none,False,a,1
60,Male,none,True,a,1
60,Male,none,True,d,2
60,Male,none,True,r,3
61,Male,shape,False,d,2
61,Male,shape,False,r,3
61,Male,shape,False,a,1
62,Male,shape,True,d,1
62,Male,shape,True,r,3
62,Male,shape,True,a,2
63,Male,shape,False,r,3
63,Male,shape,False,a,1
63,Male,shape,False,d,2
64,Male,shape,True,r,3
64,Male,shape,True,d,2
64,Male,shape,True,a,1
65,Male,shape,False,r,3
65,Male,shape,False,a,1
65,Male,shape,False,d,2
66,Male,shape,True,a,1
66,Male,shape,True,r,3
66,Male,shape,True,d,2
67,Male,shape,False,d,2
67,Male,shape,False,r,3
67,Male,shape,False,a,1
68,Male,shape,True,a,2
68,Male,shape,True,r,3
68,Male,shape,True,d,1
69,Male,shape,False,a,1
69,Male,shape,False,d,2
69,Male,shape,False,r,3
70,Male,shape,True,d,2
70,Male,shape,True,a,1
70,Male,shape,True,r,3
71,Male,shape,False,d,1
71,Male,shape,False,r,3
71,Male,shape,False,a,2
72,Male,shape,True,d,3
72,Male,shape,True,r,2
72,Male,shape,True,a,1
73,Male,shape,False,a,1
73,Male,shape,False,d,2
73,Male,shape,False,r,3
74,Male,shape,True,d,3
74,Male,shape,True,r,2
74,Male,shape,True,a,1
75,Male,shape,False,d,1
75,Male,shape,False,a,2
75,Male,shape,False,r,3
76,Male,shape,True,r,2
76,Male,shape,True,d,1
76,Male,shape,True,a,3
77,Male,shape,False,d,1
77,Male,shape,False,a,2
77,Male,shape,False,r,3
78,Male,shape,True,d,3
78,Male,shape,True,a,1
78,Male,shape,True,r,2
79,Male,shape,False,d,2
79,Male,shape,False,r,3
79,Male,shape,False,a,1
80,Male,shape,True,a,3
80,Male,shape,True,d,2
80,Male,shape,True,r,1
81,Male,shape,False,r,3
81,Male,shape,False,d,2
81,Male,shape,False,a,1
82,Male,shape,True,d,2
82,Male,shape,True,a,1
82,Male,shape,True,r,3
83,Male,shape,False,r,3
83,Male,shape,False,d,2
83,Male,shape,False,a,1
84,Male,shape,True,r,3
84,Male,shape,True,a,2
84,Male,shape,True,d,1
85,Male,shape,False,d,1
85,Male,shape,False,a,2
85,Male,shape,False,r,3
86,Male,shape,True,d,1
86,Male,shape,True,a,2
86,Male,shape,True,r,3
87,Male,shape,False,d,2
87,Male,shape,False,a,1
87,Male,shape,False,r,3
88,Male,shape,True,r,3
88,Male,shape,True,d,2
88,Male,shape,True,a,1
89,Male,shape,False,r,3
89,Male,shape,False,d,2
89,Male,shape,False,a,1
90,Male,shape,True,a,2
90,Male,shape,True,d,1
90,Male,shape,True,r,3
91,Male,shape,False,d,3
91,Male,shape,False,r,2
91,Male,shape,False,a,1
92,Male,shape,True,d,1
92,Male,shape,True,r,3
92,Male,shape,True,a,2
93,Male,shape,False,r,3
93,Male,shape,False,a,2
93,Male,shape,False,d,1
94,Male,shape,True,r,3
94,Male,shape,True,d,2
94,Male,shape,True,a,1
95,Male,shape,False,r,3
95,Male,shape,False,a,1
95,Male,shape,False,d,2
96,Male,shape,True,a,1
96,Male,shape,True,r,3
96,Male,shape,True,d,2
97,Male,shape,False,d,2
97,Male,shape,False,r,3
97,Male,shape,False,a,1
98,Male,shape,True,a,2
98,Male,shape,True,r,3
98,Male,shape,True,d,1
99,Male,shape,False,a,2
99,Male,shape,False,d,1
99,Male,shape,False,r,3
100,Male,shape,True,d,2
100,Male,shape,True,a,1
100,Male,shape,True,r,3
101,Male,shape,False,d,1
101,Male,shape,False,r,3
101,Male,shape,False,a,2
102,Male,shape,True,d,2
102,Male,shape,True,r,1
102,Male,shape,True,a,3
103,Male,shape,False,a,1
103,Male,shape,False,d,2
103,Male,shape,False,r,3
104,Male,shape,True,d,1
104,Male,shape,True,r,3
104,Male,shape,True,a,2
105,Male,shape,False,d,2
105,Male,shape,False,a,1
105,Male,shape,False,r,3
106,Male,shape,True,r,1
106,Male,shape,True,d,3
106,Male,shape,True,a,2
107,Male,shape,False,d,2
107,Male,shape,False,a,1
107,Male,shape,False,r,3
108,Male,shape,True,d,3
108,Male,shape,True,a,1
108,Male,shape,True,r,2
109,Male,shape,False,d,2
109,Male,shape,False,r,3
109,Male,shape,False,a,1
110,Male,shape,True,a,3
110,Male,shape,True,d,2
110,Male,shape,True,r,1
111,Male,shape,False,r,3
111,Male,shape,False,d,2
111,Male,shape,False,a,1
112,Male,shape,True,d,2
112,Male,shape,True,a,1
112,Male,shape,True,r,3
113,Male,shape,False,r,3
113,Male,shape,False,d,2
113,Male,shape,False,a,1
114,Male,shape,True,r,3
114,Male,shape,True,a,1
114,Male,shape,True,d,2
115,Male,shape,False,d,1
115,Male,shape,False,a,2
115,Male,shape,False,r,3
116,Male,shape,True,d,2
116,Male,shape,True,a,1
116,Male,shape,True,r,3
117,Male,shape,False,d,2
117,Male,shape,False,a,1
117,Male,shape,False,r,3
118,Male,shape,True,r,2
118,Male,shape,True,d,3
118,Male,shape,True,a,1
119,Male,shape,False,r,3
119,Male,shape,False,d,2
119,Male,shape,False,a,1
120,Male,shape,True,a,1
120,Male,shape,True,d,2
120,Male,shape,True,r,3
121,Male,none,False,d,2
121,Male,none,False,r,3
121,Male,none,False,a,1
122,Male,none,True,d,1
122,Male,none,True,r,3
122,Male,none,True,a,2
123,Male,none,False,r,3
123,Male,none,False,a,1
123,Male,none,False,d,2
124,Male,none,True,r,3
124,Male,none,True,d,2
124,Male,none,True,a,1
125,Male,none,False,r,3
125,Male,none,False,a,1
125,Male,none,False,d,2
126,Male,none,True,a,1
126,Male,none,True,r,3
126,Male,none,True,d,2
127,Male,none,False,d,2
127,Male,none,False,r,3
127,Male,none,False,a,1
128,Male,none,True,a,2
128,Male,none,True,r,3
128,Male,none,True,d,1
129,Male,none,False,a,1
129,Male,none,False,d,2
129,Male,none,False,r,3
130,Male,none,True,d,3
130,Male,none,True,a,2
130,Male,none,True,r,1
131,Male,none,False,d,1
131,Male,none,False,r,2
131,Male,none,False,a,3
132,Male,none,True,d,1
132,Male,none,True,r,2
132,Male,none,True,a,3
133,Male,none,False,a,1
133,Male,none,False,d,2
133,Male,none,False,r,3
134,Male,none,True,d,2
134,Male,none,True,r,3
134,Male,none,True,a,1
135,Male,none,False,d,1
135,Male,none,False,a,2
135,Male,none,False,r,3
136,Male,none,True,r,2
136,Male,none,True,d,1
136,Male,none,True,a,3
137,Male,none,False,d,2
137,Male,none,False,a,1
137,Male,none,False,r,3
138,Male,none,True,d,3
138,Male,none,True,a,2
138,Male,none,True,r,1
139,Male,none,False,d,2
139,Male,none,False,r,3
139,Male,none,False,a,1
140,Male,none,True,a,1
140,Male,none,True,d,3
140,Male,none,True,r,2
141,Male,none,False,r,3
141,Male,none,False,d,2
141,Male,none,False,a,1
142,Male,none,True,d,2
142,Male,none,True,a,1
142,Male,none,True,r,3
143,Male,none,False,r,3
143,Male,none,False,d,2
143,Male,none,False,a,1
144,Male,none,True,r,3
144,Male,none,True,a,1
144,Male,none,True,d,2
145,Male,none,False,d,1
145,Male,none,False,a,2
145,Male,none,False,r,3
146,Male,none,True,d,1
146,Male,none,True,a,3
146,Male,none,True,r,2
147,Male,none,False,d,2
147,Male,none,False,a,1
147,Male,none,False,r,3
148,Male,none,True,r,3
148,Male,none,True,d,2
148,Male,none,True,a,1
149,Male,none,False,r,3
149,Male,none,False,d,2
149,Male,none,False,a,1
150,Male,none,True,a,1
150,Male,none,True,d,2
150,Male,none,True,r,3
151,Male,none,False,d,2
151,Male,none,False,r,3
151,Male,none,False,a,1
152,Male,none,True,d,3
152,Male,none,True,r,2
152,Male,none,True,a,1
153,Male,none,False,r,3
153,Male,none,False,a,2
153,Male,none,False,d,1
154,Male,none,True,r,3
154,Male,none,True,d,1
154,Male,none,True,a,2
155,Male,none,False,r,3
155,Male,none,False,a,1
155,Male,none,False,d,2
156,Male,none,True,a,2
156,Male,none,True,r,3
156,Male,none,True,d,1
157,Male,none,False,d,2
157,Male,none,False,r,3
157,Male,none,False,a,1
158,Male,none,True,a,2
158,Male,none,True,r,3
158,Male,none,True,d,1
159,Male,none,False,a,2
159,Male,none,False,d,1
159,Male,none,False,r,3
160,Male,none,True,d,2
160,Male,none,True,a,1
160,Male,none,True,r,3
161,Male,none,False,d,1
161,Male,none,False,r,3
161,Male,none,False,a,2
162,Male,none,True,d,2
162,Male,none,True,r,1
162,Male,none,True,a,3
163,Male,none,False,a,1
163,Male,none,False,d,2
163,Male,none,False,r,3
164,Male,none,True,d,1
164,Male,none,True,r,2
164,Male,none,True,a,3
165,Male,none,False,d,2
165,Male,none,False,a,1
165,Male,none,False,r,3
166,Male,none,True,r,3
166,Male,none,True,d,1
166,Male,none,True,a,2
167,Male,none,False,d,2
167,Male,none,False,a,1
167,Male,none,False,r,3
168,Male,none,True,d,1
168,Male,none,True,a,2
168,Male,none,True,r,3
169,Male,none,False,d,2
169,Male,none,False,r,3
169,Male,none,False,a,1
170,Male,none,True,a,3
170,Male,none,True,d,1
170,Male,none,True,r,2
171,Male,none,False,r,3
171,Male,none,False,d,2
171,Male,none,False,a,1
172,Male,none,True,d,2
172,Male,none,True,a,1
172,Male,none,True,r,3
173,Male,none,False,r,3
173,Male,none,False,d,2
173,Male,none,False,a,1
174,Male,none,True,r,3
174,Male,none,True,a,2
174,Male,none,True,d,1
175,Male,none,False,d,2
175,Male,none,False,a,3
175,Male,none,False,r,1
176,Male,none,True,d,1
176,Male,none,True,a,3
176,Male,none,True,r,2
177,Male,none,False,d,1
177,Male,none,False,a,2
177,Male,none,False,r,3
178,Male,none,True,r,3
178,Male,none,True,d,2
178,Male,none,True,a,1
179,Male,none,False,r,3
179,Male,none,False,d,2
179,Male,none,False,a,1
180,Male,none,True,a,1
180,Male,none,True,d,2
180,Male,none,True,r,3
181,Female,col,False,d,2
181,Female,col,False,r,1
181,Female,col,False,a,3
182,Female,col,True,d,1
182,Female,col,True,r,2
182,Female,col,True,a,3
183,Female,col,False,r,3
183,Female,col,False,a,1
183,Female,col,False,d,2
184,Female,col,True,r,3
184,Female,col,True,d,2
184,Female,col,True,a,1
185,Female,col,False,r,3
185,Female,col,False,a,1
185,Female,col,False,d,2
186,Female,col,True,a,2
186,Female,col,True,r,1
186,Female,col,True,d,3
187,Female,col,False,d,3
187,Female,col,False,r,2
187,Female,col,False,a,1
188,Female,col,True,a,3
188,Female,col,True,r,1
188,Female,col,True,d,2
189,Female,col,False,a,1
189,Female,col,False,d,3
189,Female,col,False,r,2
190,Female,col,True,d,3
190,Female,col,True,a,1
190,Female,col,True,r,2
191,Female,col,False,d,1
191,Female,col,False,r,2
191,Female,col,False,a,3
192,Female,col,True,d,3
192,Female,col,True,r,2
192,Female,col,True,a,1
193,Female,col,False,a,2
193,Female,col,False,d,1
193,Female,col,False,r,3
194,Female,col,True,d,2
194,Female,col,True,r,1
194,Female,col,True,a,3
195,Female,col,False,d,2
195,Female,col,False,a,1
195,Female,col,False,r,3
196,Female,col,True,r,3
196,Female,col,True,d,2
196,Female,col,True,a,1
197,Female,col,False,d,3
197,Female,col,False,a,1
197,Female,col,False,r,2
198,Female,col,True,d,3
198,Female,col,True,a,2
198,Female,col,True,r,1
199,Female,col,False,d,3
199,Female,col,False,r,2
199,Female,col,False,a,1
200,Female,col,True,a,1
200,Female,col,True,d,2
200,Female,col,True,r,3
201,Female,col,False,r,2
201,Female,col,False,d,1
201,Female,col,False,a,3
202,Female,col,True,d,3
202,Female,col,True,a,1
202,Female,col,True,r,2
203,Female,col,False,r,3
203,Female,col,False,d,2
203,Female,col,False,a,1
204,Female,col,True,r,3
204,Female,col,True,a,2
204,Female,col,True,d,1
205,Female,col,False,d,3
205,Female,col,False,a,2
205,Female,col,False,r,1
206,Female,col,True,d,3
206,Female,col,True,a,2
206,Female,col,True,r,1
207,Female,col,False,d,1
207,Female,col,False,a,2
207,Female,col,False,r,3
208,Female,col,True,r,3
208,Female,col,True,d,1
208,Female,col,True,a,2
209,Female,col,False,r,3
209,Female,col,False,d,1
209,Female,col,False,a,2
210,Female,col,True,a,3
210,Female,col,True,d,1
210,Female,col,True,r,2
211,Female,none,False,d,2
211,Female,none,False,r,3
211,Female,none,False,a,1
212,Female,none,True,d,1
212,Female,none,True,r,3
212,Female,none,True,a,2
213,Female,none,False,r,3
213,Female,none,False,a,1
213,Female,none,False,d,2
214,Female,none,True,r,3
214,Female,none,True,d,2
214,Female,none,True,a,1
215,Female,none,False,r,3
215,Female,none,False,a,1
215,Female,none,False,d,2
216,Female,none,True,a,1
216,Female,none,True,r,3
216,Female,none,True,d,2
217,Female,none,False,d,3
217,Female,none,False,r,2
217,Female,none,False,a,1
218,Female,none,True,a,2
218,Female,none,True,r,3
218,Female,none,True,d,1
219,Female,none,False,a,2
219,Female,none,False,d,1
219,Female,none,False,r,3
220,Female,none,True,d,2
220,Female,none,True,a,1
220,Female,none,True,r,3
221,Female,none,False,d,1
221,Female,none,False,r,3
221,Female,none,False,a,2
222,Female,none,True,d,3
222,Female,none,True,r,1
222,Female,none,True,a,2
223,Female,none,False,a,1
223,Female,none,False,d,2
223,Female,none,False,r,3
224,Female,none,True,d,3
224,Female,none,True,r,1
224,Female,none,True,a,2
225,Female,none,False,d,1
225,Female,none,False,a,2
225,Female,none,False,r,3
226,Female,none,True,r,3
226,Female,none,True,d,1
226,Female,none,True,a,2
227,Female,none,False,d,2
227,Female,none,False,a,1
227,Female,none,False,r,3
228,Female,none,True,d,2
228,Female,none,True,a,3
228,Female,none,True,r,1
229,Female,none,False,d,1
229,Female,none,False,r,3
229,Female,none,False,a,2
230,Female,none,True,a,1
230,Female,none,True,d,2
230,Female,none,True,r,3
231,Female,none,False,r,3
231,Female,none,False,d,1
231,Female,none,False,a,2
232,Female,none,True,d,2
232,Female,none,True,a,1
232,Female,none,True,r,3
233,Female,none,False,r,3
233,Female,none,False,d,1
233,Female,none,False,a,2
234,Female,none,True,r,3
234,Female,none,True,a,2
234,Female,none,True,d,1
235,Female,none,False,d,1
235,Female,none,False,a,2
235,Female,none,False,r,3
236,Female,none,True,d,1
236,Female,none,True,a,3
236,Female,none,True,r,2
237,Female,none,False,d,1
237,Female,none,False,a,2
237,Female,none,False,r,3
238,Female,none,True,r,3
238,Female,none,True,d,2
238,Female,none,True,a,1
239,Female,none,False,r,3
239,Female,none,False,d,2
239,Female,none,False,a,1
240,Female,none,True,a,2
240,Female,none,True,d,1
240,Female,none,True,r,3
241,Female,none,False,d,2
241,Female,none,False,r,3
241,Female,none,False,a,1
242,Female,none,True,d,1
242,Female,none,True,r,3
242,Female,none,True,a,2
243,Female,none,False,r,3
243,Female,none,False,a,1
243,Female,none,False,d,2
244,Female,none,True,r,3
244,Female,none,True,d,2
244,Female,none,True,a,1
245,Female,none,False,r,3
245,Female,none,False,a,2
245,Female,none,False,d,1
246,Female,none,True,a,1
246,Female,none,True,r,3
246,Female,none,True,d,2
247,Female,none,False,d,1
247,Female,none,False,r,3
247,Female,none,False,a,2
248,Female,none,True,a,2
248,Female,none,True,r,3
248,Female,none,True,d,1
249,Female,none,False,a,2
249,Female,none,False,d,1
249,Female,none,False,r,3
250,Female,none,True,d,3
250,Female,none,True,a,1
250,Female,none,True,r,2
251,Female,none,False,d,1
251,Female,none,False,r,3
251,Female,none,False,a,2
252,Female,none,True,d,1
252,Female,none,True,r,2
252,Female,none,True,a,3
253,Female,none,False,a,1
253,Female,none,False,d,2
253,Female,none,False,r,3
254,Female,none,True,d,1
254,Female,none,True,r,2
254,Female,none,True,a,3
255,Female,none,False,d,1
255,Female,none,False,a,2
255,Female,none,False,r,3
256,Female,none,True,r,3
256,Female,none,True,d,1
256,Female,none,True,a,2
257,Female,none,False,d,1
257,Female,none,False,a,2
257,Female,none,False,r,3
258,Female,none,True,d,3
258,Female,none,True,a,1
258,Female,none,True,r,2
259,Female,none,False,d,1
259,Female,none,False,r,3
259,Female,none,False,a,2
260,Female,none,True,a,2
260,Female,none,True,d,3
260,Female,none,True,r,1
261,Female,none,False,r,3
261,Female,none,False,d,1
261,Female,none,False,a,2
262,Female,none,True,d,2
262,Female,none,True,a,1
262,Female,none,True,r,3
263,Female,none,False,r,3
263,Female,none,False,d,2
263,Female,none,False,a,1
264,Female,none,True,r,3
264,Female,none,True,a,2
264,Female,none,True,d,1
265,Female,none,False,d,1
265,Female,none,False,a,2
265,Female,none,False,r,3
266,Female,none,True,d,1
266,Female,none,True,a,3
266,Female,none,True,r,2
267,Female,none,False,d,1
267,Female,none,False,a,2
267,Female,none,False,r,3
268,Female,none,True,r,3
268,Female,none,True,d,2
268,Female,none,True,a,1
269,Female,none,False,r,3
269,Female,none,False,d,2
269,Female,none,False,a,1
270,Female,none,True,a,1
270,Female,none,True,d,2
270,Female,none,True,r,3
271,Female,none,False,d,2
271,Female,none,False,r,3
271,Female,none,False,a,1
272,Female,none,True,d,1
272,Female,none,True,r,3
272,Female,none,True,a,2
273,Female,none,False,r,3
273,Female,none,False,a,2
273,Female,none,False,d,1
274,Female,none,True,r,3
274,Female,none,True,d,2
274,Female,none,True,a,1
275,Female,none,False,r,3
275,Female,none,False,a,1
275,Female,none,False,d,2
276,Female,none,True,a,1
276,Female,none,True,r,3
276,Female,none,True,d,2
277,Female,none,False,d,3
277,Female,none,False,r,2
277,Female,none,False,a,1
278,Female,none,True,a,2
278,Female,none,True,r,3
278,Female,none,True,d,1
279,Female,none,False,a,2
279,Female,none,False,d,1
279,Female,none,False,r,3
280,Female,none,True,d,2
280,Female,none,True,a,1
280,Female,none,True,r,3
281,Female,none,False,d,1
281,Female,none,False,r,2
281,Female,none,False,a,3
282,Female,none,True,d,2
282,Female,none,True,r,1
282,Female,none,True,a,3
283,Female,none,False,a,1
283,Female,none,False,d,2
283,Female,none,False,r,3
284,Female,none,True,d,3
284,Female,none,True,r,2
284,Female,none,True,a,1
285,Female,none,False,d,1
285,Female,none,False,a,2
285,Female,none,False,r,3
286,Female,none,True,r,2
286,Female,none,True,d,1
286,Female,none,True,a,3
287,Female,none,False,d,1
287,Female,none,False,a,2
287,Female,none,False,r,3
288,Female,none,True,d,2
288,Female,none,True,a,1
288,Female,none,True,r,3
289,Female,none,False,d,2
289,Female,none,False,r,3
289,Female,none,False,a,1
290,Female,none,True,a,1
290,Female,none,True,d,2
290,Female,none,True,r,3
291,Female,none,False,r,3
291,Female,none,False,d,2
291,Female,none,False,a,1
292,Female,none,True,d,2
292,Female,none,True,a,1
292,Female,none,True,r,3
293,Female,none,False,r,3
293,Female,none,False,d,2
293,Female,none,False,a,1
294,Female,none,True,r,3
294,Female,none,True,a,2
294,Female,none,True,d,1
295,Female,none,False,d,1
295,Female,none,False,a,2
295,Female,none,False,r,3
296,Female,none,True,d,1
296,Female,none,True,a,3
296,Female,none,True,r,2
297,Female,none,False,d,2
297,Female,none,False,a,1
297,Female,none,False,r,3
298,Female,none,True,r,3
298,Female,none,True,d,2
298,Female,none,True,a,1
299,Female,none,False,r,3
299,Female,none,False,d,2
299,Female,none,False,a,1
300,Female,none,True,a,1
300,Female,none,True,d,2
300,Female,none,True,r,3
301,Female,none,False,d,3
301,Female,none,False,r,1
301,Female,none,False,a,2
302,Female,none,True,d,2
302,Female,none,True,r,3
302,Female,none,True,a,1
303,Female,none,False,r,3
303,Female,none,False,a,2
303,Female,none,False,d,1
304,Female,none,True,r,1
304,Female,none,True,d,2
304,Female,none,True,a,3
305,Female,none,False,r,3
305,Female,none,False,a,1
305,Female,none,False,d,2
306,Female,none,True,a,2
306,Female,none,True,r,1
306,Female,none,True,d,3
307,Female,none,False,d,1
307,Female,none,False,r,3
307,Female,none,False,a,2
308,Female,none,True,a,2
308,Female,none,True,r,3
308,Female,none,True,d,1
309,Female,none,False,a,2
309,Female,none,False,d,1
309,Female,none,False,r,3
310,Female,none,True,d,2
310,Female,none,True,a,1
310,Female,none,True,r,3
311,Female,none,False,d,1
311,Female,none,False,r,2
311,Female,none,False,a,3
312,Female,none,True,d,3
312,Female,none,True,r,1
312,Female,none,True,a,2
313,Female,none,False,a,2
313,Female,none,False,d,1
313,Female,none,False,r,3
314,Female,none,True,d,3
314,Female,none,True,r,2
314,Female,none,True,a,1
315,Female,none,False,d,2
315,Female,none,False,a,3
315,Female,none,False,r,1
316,Female,none,True,r,3
316,Female,none,True,d,1
316,Female,none,True,a,2
317,Female,none,False,d,2
317,Female,none,False,a,3
317,Female,none,False,r,1
318,Female,none,True,d,3
318,Female,none,True,a,2
318,Female,none,True,r,1
319,Female,none,False,d,1
319,Female,none,False,r,3
319,Female,none,False,a,2
320,Female,none,True,a,3
320,Female,none,True,d,1
320,Female,none,True,r,2
321,Female,none,False,r,2
321,Female,none,False,d,1
321,Female,none,False,a,3
322,Female,none,True,d,2
322,Female,none,True,a,3
322,Female,none,True,r,1
323,Female,none,False,r,3
323,Female,none,False,d,1
323,Female,none,False,a,2
324,Female,none,True,r,3
324,Female,none,True,a,2
324,Female,none,True,d,1
325,Female,none,False,d,3
325,Female,none,False,a,2
325,Female,none,False,r,1
326,Female,none,True,d,3
326,Female,none,True,a,1
326,Female,none,True,r,2
327,Female,none,False,d,3
327,Female,none,False,a,1
327,Female,none,False,r,2
328,Female,none,True,r,3
328,Female,none,True,d,1
328,Female,none,True,a,2
329,Female,none,False,r,3
329,Female,none,False,d,2
329,Female,none,False,a,1
330,Female,none,True,a,1
330,Female,none,True,d,2
330,Female,none,True,r,3
331,Male,col,False,d,3
331,Male,col,False,r,2
331,Male,col,False,a,1
332,Male,col,True,d,1
332,Male,col,True,r,2
332,Male,col,True,a,3
333,Male,col,False,r,3
333,Male,col,False,a,1
333,Male,col,False,d,2
334,Male,col,True,r,3
334,Male,col,True,d,2
334,Male,col,True,a,1
335,Male,col,False,r,3
335,Male,col,False,a,1
335,Male,col,False,d,2
336,Male,col,True,a,2
336,Male,col,True,r,3
336,Male,col,True,d,1
337,Male,col,False,d,1
337,Male,col,False,r,2
337,Male,col,False,a,3
338,Male,col,True,a,2
338,Male,col,True,r,3
338,Male,col,True,d,1
339,Male,col,False,a,3
339,Male,col,False,d,1
339,Male,col,False,r,2
340,Male,col,True,d,2
340,Male,col,True,a,1
340,Male,col,True,r,3
341,Male,col,False,d,1
341,Male,col,False,r,3
341,Male,col,False,a,2
342,Male,col,True,d,2
342,Male,col,True,r,1
342,Male,col,True,a,3
343,Male,col,False,a,1
343,Male,col,False,d,2
343,Male,col,False,r,3
344,Male,col,True,d,3
344,Male,col,True,r,2
344,Male,col,True,a,1
345,Male,col,False,d,1
345,Male,col,False,a,2
345,Male,col,False,r,3
346,Male,col,True,r,3
346,Male,col,True,d,2
346,Male,col,True,a,1
347,Male,col,False,d,1
347,Male,col,False,a,2
347,Male,col,False,r,3
348,Male,col,True,d,2
348,Male,col,True,a,1
348,Male,col,True,r,3
349,Male,col,False,d,1
349,Male,col,False,r,3
349,Male,col,False,a,2
350,Male,col,True,a,1
350,Male,col,True,d,3
350,Male,col,True,r,2
351,Male,col,False,r,3
351,Male,col,False,d,2
351,Male,col,False,a,1
352,Male,col,True,d,2
352,Male,col,True,a,1
352,Male,col,True,r,3
353,Male,col,False,r,3
353,Male,col,False,d,2
353,Male,col,False,a,1
354,Male,col,True,r,3
354,Male,col,True,a,2
354,Male,col,True,d,1
355,Male,col,False,d,1
355,Male,col,False,a,2
355,Male,col,False,r,3
356,Male,col,True,d,2
356,Male,col,True,a,1
356,Male,col,True,r,3
357,Male,col,False,d,1
357,Male,col,False,a,2
357,Male,col,False,r,3
358,Male,col,True,r,3
358,Male,col,True,d,2
358,Male,col,True,a,1
359,Male,col,False,r,3
359,Male,col,False,d,2
359,Male,col,False,a,1
360,Male,col,True,a,1
360,Male,col,True,d,2
360,Male,col,True,r,3
361,Male,none,False,d,3
361,Male,none,False,r,2
361,Male,none,False,a,1
362,Male,none,True,d,1
362,Male,none,True,r,3
362,Male,none,True,a,2
363,Male,none,False,r,3
363,Male,none,False,a,1
363,Male,none,False,d,2
364,Male,none,True,r,3
364,Male,none,True,d,2
364,Male,none,True,a,1
365,Male,none,False,r,3
365,Male,none,False,a,1
365,Male,none,False,d,2
366,Male,none,True,a,2
366,Male,none,True,r,1
366,Male,none,True,d,3
367,Male,none,False,d,2
367,Male,none,False,r,3
367,Male,none,False,a,1
368,Male,none,True,a,2
368,Male,none,True,r,3
368,Male,none,True,d,1
369,Male,none,False,a,2
369,Male,none,False,d,1
369,Male,none,False,r,3
370,Male,none,True,d,3
370,Male,none,True,a,2
370,Male,none,True,r,1
371,Male,none,False,d,1
371,Male,none,False,r,3
371,Male,none,False,a,2
372,Male,none,True,d,1
372,Male,none,True,r,2
372,Male,none,True,a,3
373,Male,none,False,a,1
373,Male,none,False,d,2
373,Male,none,False,r,3
374,Male,none,True,d,1
374,Male,none,True,r,2
374,Male,none,True,a,3
375,Male,none,False,d,2
375,Male,none,False,a,1
375,Male,none,False,r,3
376,Male,none,True,r,3
376,Male,none,True,d,1
376,Male,none,True,a,2
377,Male,none,False,d,2
377,Male,none,False,a,1
377,Male,none,False,r,3
378,Male,none,True,d,2
378,Male,none,True,a,3
378,Male,none,True,r,1
379,Male,none,False,d,2
379,Male,none,False,r,3
379,Male,none,False,a,1
380,Male,none,True,a,3
380,Male,none,True,d,2
380,Male,none,True,r,1
381,Male,none,False,r,2
381,Male,none,False,d,3
381,Male,none,False,a,1
382,Male,none,True,d,2
382,Male,none,True,a,1
382,Male,none,True,r,3
383,Male,none,False,r,3
383,Male,none,False,d,2
383,Male,none,False,a,1
384,Male,none,True,r,3
384,Male,none,True,a,1
384,Male,none,True,d,2
385,Male,none,False,d,1
385,Male,none,False,a,2
385,Male,none,False,r,3
386,Male,none,True,d,2
386,Male,none,True,a,1
386,Male,none,True,r,3
387,Male,none,False,d,1
387,Male,none,False,a,2
387,Male,none,False,r,3
388,Male,none,True,r,3
388,Male,none,True,d,2
388,Male,none,True,a,1
389,Male,none,False,r,3
389,Male,none,False,d,2
389,Male,none,False,a,1
390,Male,none,True,a,1
390,Male,none,True,d,2
390,Male,none,True,r,3
391,Male,none,False,d,2
391,Male,none,False,r,3
391,Male,none,False,a,1
392,Male,none,True,d,1
392,Male,none,True,r,2
392,Male,none,True,a,3
393,Male,none,False,r,3
393,Male,none,False,a,1
393,Male,none,False,d,2
394,Male,none,True,r,3
394,Male,none,True,d,2
394,Male,none,True,a,1
395,Male,none,False,r,3
395,Male,none,False,a,1
395,Male,none,False,d,2
396,Male,none,True,a,1
396,Male,none,True,r,3
396,Male,none,True,d,2
397,Male,none,False,d,2
397,Male,none,False,r,3
397,Male,none,False,a,1
398,Male,none,True,a,2
398,Male,none,True,r,3
398,Male,none,True,d,1
399,Male,none,False,a,2
399,Male,none,False,d,1
399,Male,none,False,r,3
400,Male,none,True,d,2
400,Male,none,True,a,1
400,Male,none,True,r,3
401,Male,none,False,d,1
401,Male,none,False,r,3
401,Male,none,False,a,2
402,Male,none,True,d,3
402,Male,none,True,r,2
402,Male,none,True,a,1
403,Male,none,False,a,1
403,Male,none,False,d,2
403,Male,none,False,r,3
404,Male,none,True,d,2
404,Male,none,True,r,3
404,Male,none,True,a,1
405,Male,none,False,d,1
405,Male,none,False,a,2
405,Male,none,False,r,3
406,Male,none,True,r,3
406,Male,none,True,d,1
406,Male,none,True,a,2
407,Male,none,False,d,2
407,Male,none,False,a,1
407,Male,none,False,r,3
408,Male,none,True,d,3
408,Male,none,True,a,1
408,Male,none,True,r,2
409,Male,none,False,d,1
409,Male,none,False,r,3
409,Male,none,False,a,2
410,Male,none,True,a,3
410,Male,none,True,d,2
410,Male,none,True,r,1
411,Male,none,False,r,3
411,Male,none,False,d,2
411,Male,none,False,a,1
412,Male,none,True,d,2
412,Male,none,True,a,1
412,Male,none,True,r,3
413,Male,none,False,r,3
413,Male,none,False,d,2
413,Male,none,False,a,1
414,Male,none,True,r,3
414,Male,none,True,a,2
414,Male,none,True,d,1
415,Male,none,False,d,1
415,Male,none,False,a,2
415,Male,none,False,r,3
416,Male,none,True,d,1
416,Male,none,True,a,2
416,Male,none,True,r,3
417,Male,none,False,d,2
417,Male,none,False,a,1
417,Male,none,False,r,3
418,Male,none,True,r,3
418,Male,none,True,d,2
418,Male,none,True,a,1
419,Male,none,False,r,3
419,Male,none,False,d,2
419,Male,none,False,a,1
420,Male,none,True,a,1
420,Male,none,True,d,2
420,Male,none,True,r,3
421,Female,none,False,d,2
421,Female,none,False,r,3
421,Female,none,False,a,1
422,Female,none,True,d,1
422,Female,none,True,r,3
422,Female,none,True,a,2
423,Female,none,False,r,3
423,Female,none,False,a,2
423,Female,none,False,d,1
424,Female,none,True,r,3
424,Female,none,True,d,2
424,Female,none,True,a,1
425,Female,none,False,r,3
425,Female,none,False,a,2
425,Female,none,False,d,1
426,Female,none,True,a,1
426,Female,none,True,r,3
426,Female,none,True,d,2
427,Female,none,False,d,2
427,Female,none,False,r,3
427,Female,none,False,a,1
428,Female,none,True,a,2
428,Female,none,True,r,3
428,Female,none,True,d,1
429,Female,none,False,a,1
429,Female,none,False,d,2
429,Female,none,False,r,3
430,Female,none,True,d,2
430,Female,none,True,a,1
430,Female,none,True,r,3
431,Female,none,False,d,1
431,Female,none,False,r,3
431,Female,none,False,a,2
432,Female,none,True,d,1
432,Female,none,True,r,3
432,Female,none,True,a,2
433,Female,none,False,a,1
433,Female,none,False,d,2
433,Female,none,False,r,3
434,Female,none,True,d,1
434,Female,none,True,r,3
434,Female,none,True,a,2
435,Female,none,False,d,1
435,Female,none,False,a,2
435,Female,none,False,r,3
436,Female,none,True,r,3
436,Female,none,True,d,1
436,Female,none,True,a,2
437,Female,none,False,d,2
437,Female,none,False,a,1
437,Female,none,False,r,3
438,Female,none,True,d,2
438,Female,none,True,a,3
438,Female,none,True,r,1
439,Female,none,False,d,1
439,Female,none,False,r,3
439,Female,none,False,a,2
440,Female,none,True,a,2
440,Female,none,True,d,1
440,Female,none,True,r,3
441,Female,none,False,r,3
441,Female,none,False,d,2
441,Female,none,False,a,1
442,Female,none,True,d,2
442,Female,none,True,a,1
442,Female,none,True,r,3
443,Female,none,False,r,3
443,Female,none,False,d,2
443,Female,none,False,a,1
444,Female,none,True,r,3
444,Female,none,True,a,2
444,Female,none,True,d,1
445,Female,none,False,d,1
445,Female,none,False,a,2
445,Female,none,False,r,3
446,Female,none,True,d,1
446,Female,none,True,a,2
446,Female,none,True,r,3
447,Female,none,False,d,1
447,Female,none,False,a,2
447,Female,none,False,r,3
448,Female,none,True,r,3
448,Female,none,True,d,2
448,Female,none,True,a,1
449,Female,none,False,r,3
449,Female,none,False,d,2
449,Female,none,False,a,1
450,Female,none,True,a,1
450,Female,none,True,d,2
450,Female,none,True,r,3
451,Male,none,False,d,3
451,Male,none,False,r,2
451,Male,none,False,a,1
452,Male,none,True,d,1
452,Male,none,True,r,2
452,Male,none,True,a,3
453,Male,none,False,r,3
453,Male,none,False,a,2
453,Male,none,False,d,1
454,Male,none,True,r,3
454,Male,none,True,d,2
454,Male,none,True,a,1
455,Male,none,False,r,3
455,Male,none,False,a,1
455,Male,none,False,d,2
456,Male,none,True,a,1
456,Male,none,True,r,2
456,Male,none,True,d,3
457,Male,none,False,d,3
457,Male,none,False,r,2
457,Male,none,False,a,1
458,Male,none,True,a,2
458,Male,none,True,r,3
458,Male,none,True,d,1
459,Male,none,False,a,1
459,Male,none,False,d,2
459,Male,none,False,r,3
460,Male,none,True,d,2
460,Male,none,True,a,3
460,Male,none,True,r,1
461,Male,none,False,d,1
461,Male,none,False,r,3
461,Male,none,False,a,2
462,Male,none,True,d,2
462,Male,none,True,r,3
462,Male,none,True,a,1
463,Male,none,False,a,1
463,Male,none,False,d,2
463,Male,none,False,r,3
464,Male,none,True,d,2
464,Male,none,True,r,3
464,Male,none,True,a,1
465,Male,none,False,d,1
465,Male,none,False,a,2
465,Male,none,False,r,3
466,Male,none,True,r,1
466,Male,none,True,d,2
466,Male,none,True,a,3
467,Male,none,False,d,2
467,Male,none,False,a,1
467,Male,none,False,r,3
468,Male,none,True,d,1
468,Male,none,True,a,2
468,Male,none,True,r,3
469,Male,none,False,d,1
469,Male,none,False,r,3
469,Male,none,False,a,2
470,Male,none,True,a,1
470,Male,none,True,d,2
470,Male,none,True,r,3
471,Male,none,False,r,3
471,Male,none,False,d,2
471,Male,none,False,a,1
472,Male,none,True,d,1
472,Male,none,True,a,2
472,Male,none,True,r,3
473,Male,none,False,r,3
473,Male,none,False,d,1
473,Male,none,False,a,2
474,Male,none,True,r,3
474,Male,none,True,a,1
474,Male,none,True,d,2
475,Male,none,False,d,1
475,Male,none,False,a,2
475,Male,none,False,r,3
476,Male,none,True,d,1
476,Male,none,True,a,2
476,Male,none,True,r,3
477,Male,none,False,d,2
477,Male,none,False,a,1
477,Male,none,False,r,3
478,Male,none,True,r,3
478,Male,none,True,d,2
478,Male,none,True,a,1
479,Male,none,False,r,2
479,Male,none,False,d,3
479,Male,none,False,a,1
480,Male,none,True,a,2
480,Male,none,True,d,1
480,Male,none,True,r,3
481,Female,none,False,d,2
481,Female,none,False,r,3
481,Female,none,False,a,1
482,Female,none,True,d,1
482,Female,none,True,r,2
482,Female,none,True,a,3
483,Female,none,False,r,3
483,Female,none,False,a,1
483,Female,none,False,d,2
484,Female,none,True,r,3
484,Female,none,True,d,2
484,Female,none,True,a,1
485,Female,none,False,r,3
485,Female,none,False,a,1
485,Female,none,False,d,2
486,Female,none,True,a,1
486,Female,none,True,r,3
486,Female,none,True,d,2
487,Female,none,False,d,3
487,Female,none,False,r,2
487,Female,none,False,a,1
488,Female,none,True,a,1
488,Female,none,True,r,3
488,Female,none,True,d,2
489,Female,none,False,a,1
489,Female,none,False,d,2
489,Female,none,False,r,3
490,Female,none,True,d,3
490,Female,none,True,a,1
490,Female,none,True,r,2
491,Female,none,False,d,1
491,Female,none,False,r,2
491,Female,none,False,a,3
492,Female,none,True,d,1
492,Female,none,True,r,3
492,Female,none,True,a,2
493,Female,none,False,a,1
493,Female,none,False,d,2
493,Female,none,False,r,3
494,Female,none,True,d,2
494,Female,none,True,r,3
494,Female,none,True,a,1
495,Female,none,False,d,1
495,Female,none,False,a,2
495,Female,none,False,r,3
496,Female,none,True,r,2
496,Female,none,True,d,1
496,Female,none,True,a,3
497,Female,none,False,d,2
497,Female,none,False,a,1
497,Female,none,False,r,3
498,Female,none,True,d,2
498,Female,none,True,a,3
498,Female,none,True,r,1
499,Female,none,False,d,2
499,Female,none,False,r,3
499,Female,none,False,a,1
500,Female,none,True,a,1
500,Female,none,True,d,2
500,Female,none,True,r,3
501,Female,none,False,r,3
501,Female,none,False,d,1
501,Female,none,False,a,2
502,Female,none,True,d,2
502,Female,none,True,a,1
502,Female,none,True,r,3
503,Female,none,False,r,3
503,Female,none,False,d,1
503,Female,none,False,a,2
504,Female,none,True,r,3
504,Female,none,True,a,2
504,Female,none,True,d,1
505,Female,none,False,d,1
505,Female,none,False,a,2
505,Female,none,False,r,3
506,Female,none,True,d,1
506,Female,none,True,a,2
506,Female,none,True,r,3
507,Female,none,False,d,2
507,Female,none,False,a,1
507,Female,none,False,r,3
508,Female,none,True,r,3
508,Female,none,True,d,2
508,Female,none,True,a,1
509,Female,none,False,r,3
509,Female,none,False,d,2
509,Female,none,False,a,1
510,Female,none,True,a,2
510,Female,none,True,d,1
510,Female,none,True,r,3
511,Female,none,False,d,3
511,Female,none,False,r,1
511,Female,none,False,a,2
512,Female,none,True,d,1
512,Female,none,True,r,3
512,Female,none,True,a,2
513,Female,none,False,r,3
513,Female,none,False,a,2
513,Female,none,False,d,1
514,Female,none,True,r,3
514,Female,none,True,d,2
514,Female,none,True,a,1
515,Female,none,False,r,3
515,Female,none,False,a,1
515,Female,none,False,d,2
516,Female,none,True,a,1
516,Female,none,True,r,3
516,Female,none,True,d,2
517,Female,none,False,d,3
517,Female,none,False,r,1
517,Female,none,False,a,2
518,Female,none,True,a,2
518,Female,none,True,r,3
518,Female,none,True,d,1
519,Female,none,False,a,1
519,Female,none,False,d,2
519,Female,none,False,r,3
520,Female,none,True,d,1
520,Female,none,True,a,2
520,Female,none,True,r,3
521,Female,none,False,d,2
521,Female,none,False,r,3
521,Female,none,False,a,1
522,Female,none,True,d,3
522,Female,none,True,r,2
522,Female,none,True,a,1
523,Female,none,False,a,1
523,Female,none,False,d,2
523,Female,none,False,r,3
524,Female,none,True,d,1
524,Female,none,True,r,2
524,Female,none,True,a,3
525,Female,none,False,d,2
525,Female,none,False,a,1
525,Female,none,False,r,3
526,Female,none,True,r,3
526,Female,none,True,d,2
526,Female,none,True,a,1
527,Female,none,False,d,2
527,Female,none,False,a,1
527,Female,none,False,r,3
528,Female,none,True,d,2
528,Female,none,True,a,3
528,Female,none,True,r,1
529,Female,none,False,d,2
529,Female,none,False,r,3
529,Female,none,False,a,1
530,Female,none,True,a,3
530,Female,none,True,d,2
530,Female,none,True,r,1
531,Female,none,False,r,3
531,Female,none,False,d,2
531,Female,none,False,a,1
532,Female,none,True,d,2
532,Female,none,True,a,1
532,Female,none,True,r,3
533,Female,none,False,r,3
533,Female,none,False,d,1
533,Female,none,False,a,2
534,Female,none,True,r,3
534,Female,none,True,a,2
534,Female,none,True,d,1
535,Female,none,False,d,2
535,Female,none,False,a,3
535,Female,none,False,r,1
536,Female,none,True,d,2
536,Female,none,True,a,1
536,Female,none,True,r,3
537,Female,none,False,d,1
537,Female,none,False,a,3
537,Female,none,False,r,2
538,Female,none,True,r,2
538,Female,none,True,d,1
538,Female,none,True,a,3
539,Female,none,False,r,1
539,Female,none,False,d,2
539,Female,none,False,a,3
540,Female,none,True,a,3
540,Female,none,True,d,2
540,Female,none,True,r,1
541,Female,none,False,d,3
541,Female,none,False,r,2
541,Female,none,False,a,1
542,Female,none,True,d,1
542,Female,none,True,r,3
542,Female,none,True,a,2
543,Female,none,False,r,3
543,Female,none,False,a,2
543,Female,none,False,d,1
544,Female,none,True,r,3
544,Female,none,True,d,2
544,Female,none,True,a,1
545,Female,none,False,r,3
545,Female,none,False,a,1
545,Female,none,False,d,2
546,Female,none,True,a,1
546,Female,none,True,r,3
546,Female,none,True,d,2
547,Female,none,False,d,2
547,Female,none,False,r,3
547,Female,none,False,a,1
548,Female,none,True,a,2
548,Female,none,True,r,3
548,Female,none,True,d,1
549,Female,none,False,a,2
549,Female,none,False,d,1
549,Female,none,False,r,3
550,Female,none,True,d,2
550,Female,none,True,a,1
550,Female,none,True,r,3
551,Female,none,False,d,1
551,Female,none,False,r,3
551,Female,none,False,a,2
552,Female,none,True,d,1
552,Female,none,True,r,2
552,Female,none,True,a,3
553,Female,none,False,a,1
553,Female,none,False,d,2
553,Female,none,False,r,3
554,Female,none,True,d,2
554,Female,none,True,r,3
554,Female,none,True,a,1
555,Female,none,False,d,2
555,Female,none,False,a,1
555,Female,none,False,r,3
556,Female,none,True,r,2
556,Female,none,True,d,1
556,Female,none,True,a,3
557,Female,none,False,d,1
557,Female,none,False,a,2
557,Female,none,False,r,3
558,Female,none,True,d,3
558,Female,none,True,a,2
558,Female,none,True,r,1
559,Female,none,False,d,2
559,Female,none,False,r,3
559,Female,none,False,a,1
560,Female,none,True,a,3
560,Female,none,True,d,2
560,Female,none,True,r,1
561,Female,none,False,r,3
561,Female,none,False,d,2
561,Female,none,False,a,1
562,Female,none,True,d,2
562,Female,none,True,a,1
562,Female,none,True,r,3
563,Female,none,False,r,3
563,Female,none,False,d,2
563,Female,none,False,a,1
564,Female,none,True,r,3
564,Female,none,True,a,2
564,Female,none,True,d,1
565,Female,none,False,d,1
565,Female,none,False,a,2
565,Female,none,False,r,3
566,Female,none,True,d,2
566,Female,none,True,a,1
566,Female,none,True,r,3
567,Female,none,False,d,1
567,Female,none,False,a,2
567,Female,none,False,r,3
568,Female,none,True,r,3
568,Female,none,True,d,2
568,Female,none,True,a,1
569,Female,none,False,r,3
569,Female,none,False,d,2
569,Female,none,False,a,1
570,Female,none,True,a,1
570,Female,none,True,d,2
570,Female,none,True,r,3
571,Female,none,False,d,2
571,Female,none,False,r,3
571,Female,none,False,a,1
572,Female,none,True,d,1
572,Female,none,True,r,2
572,Female,none,True,a,3
573,Female,none,False,r,3
573,Female,none,False,a,1
573,Female,none,False,d,2
574,Female,none,True,r,3
574,Female,none,True,d,2
574,Female,none,True,a,1
575,Female,none,False,r,3
575,Female,none,False,a,1
575,Female,none,False,d,2
576,Female,none,True,a,1
576,Female,none,True,r,3
576,Female,none,True,d,2
577,Female,none,False,d,2
577,Female,none,False,r,3
577,Female,none,False,a,1
578,Female,none,True,a,1
578,Female,none,True,r,3
578,Female,none,True,d,2
579,Female,none,False,a,2
579,Female,none,False,d,1
579,Female,none,False,r,3
580,Female,none,True,d,2
580,Female,none,True,a,1
580,Female,none,True,r,3
581,Female,none,False,d,1
581,Female,none,False,r,3
581,Female,none,False,a,2
582,Female,none,True,d,3
582,Female,none,True,r,2
582,Female,none,True,a,1
583,Female,none,False,a,1
583,Female,none,False,d,2
583,Female,none,False,r,3
584,Female,none,True,d,3
584,Female,none,True,r,1
584,Female,none,True,a,2
585,Female,none,False,d,2
585,Female,none,False,a,1
585,Female,none,False,r,3
586,Female,none,True,r,3
586,Female,none,True,d,1
586,Female,none,True,a,2
587,Female,none,False,d,1
587,Female,none,False,a,2
587,Female,none,False,r,3
588,Female,none,True,d,3
588,Female,none,True,a,2
588,Female,none,True,r,1
589,Female,none,False,d,2
589,Female,none,False,r,3
589,Female,none,False,a,1
590,Female,none,True,a,1
590,Female,none,True,d,2
590,Female,none,True,r,3
591,Female,none,False,r,3
591,Female,none,False,d,1
591,Female,none,False,a,2
592,Female,none,True,d,2
592,Female,none,True,a,1
592,Female,none,True,r,3
593,Female,none,False,r,3
593,Female,none,False,d,2
593,Female,none,False,a,1
594,Female,none,True,r,3
594,Female,none,True,a,2
594,Female,none,True,d,1
595,Female,none,False,d,1
595,Female,none,False,a,2
595,Female,none,False,r,3
596,Female,none,True,d,1
596,Female,none,True,a,2
596,Female,none,True,r,3
597,Female,none,False,d,2
597,Female,none,False,a,1
597,Female,none,False,r,3
598,Female,none,True,r,3
598,Female,none,True,d,2
598,Female,none,True,a,1
599,Female,none,False,r,3
599,Female,none,False,d,2
599,Female,none,False,a,1
600,Female,none,True,a,1
600,Female,none,True,d,2
600,Female,none,True,r,3
601,Male,none,False,d,3
601,Male,none,False,r,2
601,Male,none,False,a,1
602,Male,none,True,d,1
602,Male,none,True,r,2
602,Male,none,True,a,3
603,Male,none,False,r,3
603,Male,none,False,a,2
603,Male,none,False,d,1
604,Male,none,True,r,3
604,Male,none,True,d,2
604,Male,none,True,a,1
605,Male,none,False,r,3
605,Male,none,False,a,2
605,Male,none,False,d,1
606,Male,none,True,a,1
606,Male,none,True,r,3
606,Male,none,True,d,2
607,Male,none,False,d,1
607,Male,none,False,r,3
607,Male,none,False,a,2
608,Male,none,True,a,1
608,Male,none,True,r,2
608,Male,none,True,d,3
609,Male,none,False,a,2
609,Male,none,False,d,1
609,Male,none,False,r,3
610,Male,none,True,d,3
610,Male,none,True,a,1
610,Male,none,True,r,2
611,Male,none,False,d,1
611,Male,none,False,r,3
611,Male,none,False,a,2
612,Male,none,True,d,1
612,Male,none,True,r,3
612,Male,none,True,a,2
613,Male,none,False,a,1
613,Male,none,False,d,2
613,Male,none,False,r,3
614,Male,none,True,d,1
614,Male,none,True,r,2
614,Male,none,True,a,3
615,Male,none,False,d,2
615,Male,none,False,a,1
615,Male,none,False,r,3
616,Male,none,True,r,1
616,Male,none,True,d,2
616,Male,none,True,a,3
617,Male,none,False,d,2
617,Male,none,False,a,1
617,Male,none,False,r,3
618,Male,none,True,d,2
618,Male,none,True,a,1
618,Male,none,True,r,3
619,Male,none,False,d,2
619,Male,none,False,r,3
619,Male,none,False,a,1
620,Male,none,True,a,1
620,Male,none,True,d,3
620,Male,none,True,r,2
621,Male,none,False,r,3
621,Male,none,False,d,2
621,Male,none,False,a,1
622,Male,none,True,d,2
622,Male,none,True,a,1
622,Male,none,True,r,3
623,Male,none,False,r,3
623,Male,none,False,d,2
623,Male,none,False,a,1
624,Male,none,True,r,3
624,Male,none,True,a,1
624,Male,none,True,d,2
625,Male,none,False,d,1
625,Male,none,False,a,2
625,Male,none,False,r,3
626,Male,none,True,d,1
626,Male,none,True,a,2
626,Male,none,True,r,3
627,Male,none,False,d,2
627,Male,none,False,a,1
627,Male,none,False,r,3
628,Male,none,True,r,3
628,Male,none,True,d,2
628,Male,none,True,a,1
629,Male,none,False,r,3
629,Male,none,False,d,2
629,Male,none,False,a,1
630,Male,none,True,a,1
630,Male,none,True,d,2
630,Male,none,True,r,3
631,Female,none,False,d,2
631,Female,none,False,r,3
631,Female,none,False,a,1
632,Female,none,True,d,1
632,Female,none,True,r,2
632,Female,none,True,a,3
633,Female,none,False,r,3
633,Female,none,False,a,1
633,Female,none,False,d,2
634,Female,none,True,r,3
634,Female,none,True,d,2
634,Female,none,True,a,1
635,Female,none,False,r,3
635,Female,none,False,a,1
635,Female,none,False,d,2
636,Female,none,True,a,1
636,Female,none,True,r,3
636,Female,none,True,d,2
637,Female,none,False,d,2
637,Female,none,False,r,3
637,Female,none,False,a,1
638,Female,none,True,a,1
638,Female,none,True,r,3
638,Female,none,True,d,2
639,Female,none,False,a,2
639,Female,none,False,d,1
639,Female,none,False,r,3
640,Female,none,True,d,3
640,Female,none,True,a,1
640,Female,none,True,r,2
641,Female,none,False,d,1
641,Female,none,False,r,3
641,Female,none,False,a,2
642,Female,none,True,d,2
642,Female,none,True,r,3
642,Female,none,True,a,1
643,Female,none,False,a,1
643,Female,none,False,d,2
643,Female,none,False,r,3
644,Female,none,True,d,2
644,Female,none,True,r,3
644,Female,none,True,a,1
645,Female,none,False,d,1
645,Female,none,False,a,2
645,Female,none,False,r,3
646,Female,none,True,r,2
646,Female,none,True,d,1
646,Female,none,True,a,3
647,Female,none,False,d,1
647,Female,none,False,a,2
647,Female,none,False,r,3
648,Female,none,True,d,3
648,Female,none,True,a,2
648,Female,none,True,r,1
649,Female,none,False,d,1
649,Female,none,False,r,3
649,Female,none,False,a,2
650,Female,none,True,a,1
650,Female,none,True,d,2
650,Female,none,True,r,3
651,Female,none,False,r,3
651,Female,none,False,d,1
651,Female,none,False,a,2
652,Female,none,True,d,2
652,Female,none,True,a,1
652,Female,none,True,r,3
653,Female,none,False,r,3
653,Female,none,False,d,1
653,Female,none,False,a,2
654,Female,none,True,r,3
654,Female,none,True,a,2
654,Female,none,True,d,1
655,Female,none,False,d,1
655,Female,none,False,a,2
655,Female,none,False,r,3
656,Female,none,True,d,1
656,Female,none,True,a,2
656,Female,none,True,r,3
657,Female,none,False,d,2
657,Female,none,False,a,1
657,Female,none,False,r,3
658,Female,none,True,r,3
658,Female,none,True,d,2
658,Female,none,True,a,1
659,Female,none,False,r,3
659,Female,none,False,d,2
659,Female,none,False,a,1
660,Female,none,True,a,2
660,Female,none,True,d,1
660,Female,none,True,r,3
661,Male,none,False,d,2
661,Male,none,False,r,3
661,Male,none,False,a,1
662,Male,none,True,d,1
662,Male,none,True,r,2
662,Male,none,True,a,3
663,Male,none,False,r,3
663,Male,none,False,a,1
663,Male,none,False,d,2
664,Male,none,True,r,3
664,Male,none,True,d,2
664,Male,none,True,a,1
665,Male,none,False,r,3
665,Male,none,False,a,2
665,Male,none,False,d,1
666,Male,none,True,a,1
666,Male,none,True,r,3
666,Male,none,True,d,2
667,Male,none,False,d,2
667,Male,none,False,r,3
667,Male,none,False,a,1
668,Male,none,True,a,1
668,Male,none,True,r,3
668,Male,none,True,d,2
669,Male,none,False,a,2
669,Male,none,False,d,1
669,Male,none,False,r,3
670,Male,none,True,d,2
670,Male,none,True,a,1
670,Male,none,True,r,3
671,Male,none,False,d,1
671,Male,none,False,r,3
671,Male,none,False,a,2
672,Male,none,True,d,3
672,Male,none,True,r,2
672,Male,none,True,a,1
673,Male,none,False,a,1
673,Male,none,False,d,2
673,Male,none,False,r,3
674,Male,none,True,d,3
674,Male,none,True,r,2
674,Male,none,True,a,1
675,Male,none,False,d,1
675,Male,none,False,a,2
675,Male,none,False,r,3
676,Male,none,True,r,1
676,Male,none,True,d,2
676,Male,none,True,a,3
677,Male,none,False,d,1
677,Male,none,False,a,2
677,Male,none,False,r,3
678,Male,none,True,d,2
678,Male,none,True,a,3
678,Male,none,True,r,1
679,Male,none,False,d,1
679,Male,none,False,r,3
679,Male,none,False,a,2
680,Male,none,True,a,3
680,Male,none,True,d,2
680,Male,none,True,r,1
681,Male,none,False,r,3
681,Male,none,False,d,1
681,Male,none,False,a,2
682,Male,none,True,d,2
682,Male,none,True,a,1
682,Male,none,True,r,3
683,Male,none,False,r,3
683,Male,none,False,d,2
683,Male,none,False,a,1
684,Male,none,True,r,3
684,Male,none,True,a,2
684,Male,none,True,d,1
685,Male,none,False,d,1
685,Male,none,False,a,2
685,Male,none,False,r,3
686,Male,none,True,d,1
686,Male,none,True,a,2
686,Male,none,True,r,3
687,Male,none,False,d,2
687,Male,none,False,a,1
687,Male,none,False,r,3
688,Male,none,True,r,3
688,Male,none,True,d,2
688,Male,none,True,a,1
689,Male,none,False,r,3
689,Male,none,False,d,2
689,Male,none,False,a,1
690,Male,none,True,a,2
690,Male,none,True,d,1
690,Male,none,True,r,3
691,Male,shape,False,d,1
691,Male,shape,False,r,3
691,Male,shape,False,a,2
692,Male,shape,True,d,1
692,Male,shape,True,r,2
692,Male,shape,True,a,3
693,Male,shape,False,r,2
693,Male,shape,False,a,1
693,Male,shape,False,d,3
694,Male,shape,True,r,2
694,Male,shape,True,d,3
694,Male,shape,True,a,1
695,Male,shape,False,r,3
695,Male,shape,False,a,2
695,Male,shape,False,d,1
696,Male,shape,True,a,1
696,Male,shape,True,r,2
696,Male,shape,True,d,3
697,Male,shape,False,d,3
697,Male,shape,False,r,1
697,Male,shape,False,a,2
698,Male,shape,True,a,1
698,Male,shape,True,r,3
698,Male,shape,True,d,2
699,Male,shape,False,a,2
699,Male,shape,False,d,1
699,Male,shape,False,r,3
700,Male,shape,True,d,1
700,Male,shape,True,a,3
700,Male,shape,True,r,2
701,Male,shape,False,d,2
701,Male,shape,False,r,3
701,Male,shape,False,a,1
702,Male,shape,True,d,3
702,Male,shape,True,r,1
702,Male,shape,True,a,2
703,Male,shape,False,a,3
703,Male,shape,False,d,1
703,Male,shape,False,r,2
704,Male,shape,True,d,2
704,Male,shape,True,r,1
704,Male,shape,True,a,3
705,Male,shape,False,d,1
705,Male,shape,False,a,3
705,Male,shape,False,r,2
706,Male,shape,True,r,2
706,Male,shape,True,d,1
706,Male,shape,True,a,3
707,Male,shape,False,d,3
707,Male,shape,False,a,2
707,Male,shape,False,r,1
708,Male,shape,True,d,1
708,Male,shape,True,a,3
708,Male,shape,True,r,2
709,Male,shape,False,d,3
709,Male,shape,False,r,1
709,Male,shape,False,a,2
710,Male,shape,True,a,1
710,Male,shape,True,d,2
710,Male,shape,True,r,3
711,Male,shape,False,r,1
711,Male,shape,False,d,3
711,Male,shape,False,a,2
712,Male,shape,True,d,2
712,Male,shape,True,a,3
712,Male,shape,True,r,1
713,Male,shape,False,r,3
713,Male,shape,False,d,2
713,Male,shape,False,a,1
714,Male,shape,True,r,2
714,Male,shape,True,a,1
714,Male,shape,True,d,3
715,Male,shape,False,d,1
715,Male,shape,False,a,3
715,Male,shape,False,r,2
716,Male,shape,True,d,3
716,Male,shape,True,a,2
716,Male,shape,True,r,1
717,Male,shape,False,d,1
717,Male,shape,False,a,3
717,Male,shape,False,r,2
718,Male,shape,True,r,3
718,Male,shape,True,d,1
718,Male,shape,True,a,2
719,Male,shape,False,r,1
719,Male,shape,False,d,3
719,Male,shape,False,a,2
720,Male,shape,True,a,3
720,Male,shape,True,d,2
720,Male,shape,True,r,1
721,Female,none,False,d,2
721,Female,none,False,r,3
721,Female,none,False,a,1
722,Female,none,True,d,1
722,Female,none,True,r,2
722,Female,none,True,a,3
723,Female,none,False,r,3
723,Female,none,False,a,2
723,Female,none,False,d,1
724,Female,none,True,r,3
724,Female,none,True,d,2
724,Female,none,True,a,1
725,Female,none,False,r,3
725,Female,none,False,a,1
725,Female,none,False,d,2
726,Female,none,True,a,1
726,Female,none,True,r,3
726,Female,none,True,d,2
727,Female,none,False,d,3
727,Female,none,False,r,2
727,Female,none,False,a,1
728,Female,none,True,a,2
728,Female,none,True,r,3
728,Female,none,True,d,1
729,Female,none,False,a,2
729,Female,none,False,d,1
729,Female,none,False,r,3
730,Female,none,True,d,2
730,Female,none,True,a,1
730,Female,none,True,r,3
731,Female,none,False,d,1
731,Female,none,False,r,3
731,Female,none,False,a,2
732,Female,none,True,d,3
732,Female,none,True,r,1
732,Female,none,True,a,2
733,Female,none,False,a,1
733,Female,none,False,d,2
733,Female,none,False,r,3
734,Female,none,True,d,1
734,Female,none,True,r,2
734,Female,none,True,a,3
735,Female,none,False,d,1
735,Female,none,False,a,2
735,Female,none,False,r,3
736,Female,none,True,r,3
736,Female,none,True,d,2
736,Female,none,True,a,1
737,Female,none,False,d,2
737,Female,none,False,a,1
737,Female,none,False,r,3
738,Female,none,True,d,3
738,Female,none,True,a,1
738,Female,none,True,r,2
739,Female,none,False,d,2
739,Female,none,False,r,3
739,Female,none,False,a,1
740,Female,none,True,a,3
740,Female,none,True,d,2
740,Female,none,True,r,1
741,Female,none,False,r,3
741,Female,none,False,d,1
741,Female,none,False,a,2
742,Female,none,True,d,2
742,Female,none,True,a,1
742,Female,none,True,r,3
743,Female,none,False,r,3
743,Female,none,False,d,2
743,Female,none,False,a,1
744,Female,none,True,r,3
744,Female,none,True,a,2
744,Female,none,True,d,1
745,Female,none,False,d,1
745,Female,none,False,a,2
745,Female,none,False,r,3
746,Female,none,True,d,1
746,Female,none,True,a,2
746,Female,none,True,r,3
747,Female,none,False,d,2
747,Female,none,False,a,1
747,Female,none,False,r,3
748,Female,none,True,r,3
748,Female,none,True,d,2
748,Female,none,True,a,1
749,Female,none,False,r,3
749,Female,none,False,d,2
749,Female,none,False,a,1
750,Female,none,True,a,2
750,Female,none,True,d,1
750,Female,none,True,r,3
751,Female,none,False,d,2
751,Female,none,False,r,3
751,Female,none,False,a,1
752,Female,none,True,d,1
752,Female,none,True,r,3
752,Female,none,True,a,2
753,Female,none,False,r,3
753,Female,none,False,a,1
753,Female,none,False,d,2
754,Female,none,True,r,3
754,Female,none,True,d,2
754,Female,none,True,a,1
755,Female,none,False,r,3
755,Female,none,False,a,2
755,Female,none,False,d,1
756,Female,none,True,a,1
756,Female,none,True,r,3
756,Female,none,True,d,2
757,Female,none,False,d,2
757,Female,none,False,r,3
757,Female,none,False,a,1
758,Female,none,True,a,3
758,Female,none,True,r,2
758,Female,none,True,d,1
759,Female,none,False,a,2
759,Female,none,False,d,1
759,Female,none,False,r,3
760,Female,none,True,d,2
760,Female,none,True,a,1
760,Female,none,True,r,3
761,Female,none,False,d,1
761,Female,none,False,r,3
761,Female,none,False,a,2
762,Female,none,True,d,3
762,Female,none,True,r,2
762,Female,none,True,a,1
763,Female,none,False,a,1
763,Female,none,False,d,2
763,Female,none,False,r,3
764,Female,none,True,d,3
764,Female,none,True,r,2
764,Female,none,True,a,1
765,Female,none,False,d,1
765,Female,none,False,a,2
765,Female,none,False,r,3
766,Female,none,True,r,3
766,Female,none,True,d,2
766,Female,none,True,a,1
767,Female,none,False,d,1
767,Female,none,False,a,2
767,Female,none,False,r,3
768,Female,none,True,d,2
768,Female,none,True,a,1
768,Female,none,True,r,3
769,Female,none,False,d,1
769,Female,none,False,r,3
769,Female,none,False,a,2
770,Female,none,True,a,2
770,Female,none,True,d,1
770,Female,none,True,r,3
771,Female,none,False,r,3
771,Female,none,False,d,2
771,Female,none,False,a,1
772,Female,none,True,d,2
772,Female,none,True,a,1
772,Female,none,True,r,3
773,Female,none,False,r,3
773,Female,none,False,d,2
773,Female,none,False,a,1
774,Female,none,True,r,3
774,Female,none,True,a,2
774,Female,none,True,d,1
775,Female,none,False,d,1
775,Female,none,False,a,2
775,Female,none,False,r,3
776,Female,none,True,d,1
776,Female,none,True,a,3
776,Female,none,True,r,2
777,Female,none,False,d,2
777,Female,none,False,a,1
777,Female,none,False,r,3
778,Female,none,True,r,3
778,Female,none,True,d,2
778,Female,none,True,a,1
779,Female,none,False,r,3
779,Female,none,False,d,2
779,Female,none,False,a,1
780,Female,none,True,a,1
780,Female,none,True,d,2
780,Female,none,True,r,3
781,Female,shape,False,d,2
781,Female,shape,False,r,3
781,Female,shape,False,a,1
782,Female,shape,True,d,1
782,Female,shape,True,r,3
782,Female,shape,True,a,2
783,Female,shape,False,r,3
783,Female,shape,False,a,2
783,Female,shape,False,d,1
784,Female,shape,True,r,3
784,Female,shape,True,d,2
784,Female,shape,True,a,1
785,Female,shape,False,r,3
785,Female,shape,False,a,1
785,Female,shape,False,d,2
786,Female,shape,True,a,2
786,Female,shape,True,r,3
786,Female,shape,True,d,1
787,Female,shape,False,d,2
787,Female,shape,False,r,3
787,Female,shape,False,a,1
788,Female,shape,True,a,1
788,Female,shape,True,r,3
788,Female,shape,True,d,2
789,Female,shape,False,a,1
789,Female,shape,False,d,2
789,Female,shape,False,r,3
790,Female,shape,True,d,2
790,Female,shape,True,a,3
790,Female,shape,True,r,1
791,Female,shape,False,d,1
791,Female,shape,False,r,2
791,Female,shape,False,a,3
792,Female,shape,True,d,3
792,Female,shape,True,r,2
792,Female,shape,True,a,1
793,Female,shape,False,a,2
793,Female,shape,False,d,1
793,Female,shape,False,r,3
794,Female,shape,True,d,2
794,Female,shape,True,r,3
794,Female,shape,True,a,1
795,Female,shape,False,d,1
795,Female,shape,False,a,2
795,Female,shape,False,r,3
796,Female,shape,True,r,1
796,Female,shape,True,d,2
796,Female,shape,True,a,3
797,Female,shape,False,d,1
797,Female,shape,False,a,2
797,Female,shape,False,r,3
798,Female,shape,True,d,3
798,Female,shape,True,a,1
798,Female,shape,True,r,2
799,Female,shape,False,d,1
799,Female,shape,False,r,3
799,Female,shape,False,a,2
800,Female,shape,True,a,2
800,Female,shape,True,d,3
800,Female,shape,True,r,1
801,Female,shape,False,r,3
801,Female,shape,False,d,2
801,Female,shape,False,a,1
802,Female,shape,True,d,2
802,Female,shape,True,a,1
802,Female,shape,True,r,3
803,Female,shape,False,r,3
803,Female,shape,False,d,1
803,Female,shape,False,a,2
804,Female,shape,True,r,3
804,Female,shape,True,a,1
804,Female,shape,True,d,2
805,Female,shape,False,d,1
805,Female,shape,False,a,2
805,Female,shape,False,r,3
806,Female,shape,True,d,2
806,Female,shape,True,a,1
806,Female,shape,True,r,3
807,Female,shape,False,d,1
807,Female,shape,False,a,2
807,Female,shape,False,r,3
808,Female,shape,True,r,3
808,Female,shape,True,d,2
808,Female,shape,True,a,1
809,Female,shape,False,r,3
809,Female,shape,False,d,2
809,Female,shape,False,a,1
810,Female,shape,True,a,1
810,Female,shape,True,d,2
810,Female,shape,True,r,3
811,Female,none,False,d,2
811,Female,none,False,r,3
811,Female,none,False,a,1
812,Female,none,True,d,1
812,Female,none,True,r,3
812,Female,none,True,a,2
813,Female,none,False,r,3
813,Female,none,False,a,1
813,Female,none,False,d,2
814,Female,none,True,r,3
814,Female,none,True,d,2
814,Female,none,True,a,1
815,Female,none,False,r,3
815,Female,none,False,a,2
815,Female,none,False,d,1
816,Female,none,True,a,1
816,Female,none,True,r,3
816,Female,none,True,d,2
817,Female,none,False,d,3
817,Female,none,False,r,2
817,Female,none,False,a,1
818,Female,none,True,a,1
818,Female,none,True,r,3
818,Female,none,True,d,2
819,Female,none,False,a,2
819,Female,none,False,d,1
819,Female,none,False,r,3
820,Female,none,True,d,2
820,Female,none,True,a,1
820,Female,none,True,r,3
821,Female,none,False,d,1
821,Female,none,False,r,2
821,Female,none,False,a,3
822,Female,none,True,d,3
822,Female,none,True,r,2
822,Female,none,True,a,1
823,Female,none,False,a,1
823,Female,none,False,d,2
823,Female,none,False,r,3
824,Female,none,True,d,3
824,Female,none,True,r,2
824,Female,none,True,a,1
825,Female,none,False,d,1
825,Female,none,False,a,2
825,Female,none,False,r,3
826,Female,none,True,r,1
826,Female,none,True,d,2
826,Female,none,True,a,3
827,Female,none,False,d,2
827,Female,none,False,a,1
827,Female,none,False,r,3
828,Female,none,True,d,3
828,Female,none,True,a,1
828,Female,none,True,r,2
829,Female,none,False,d,1
829,Female,none,False,r,3
829,Female,none,False,a,2
830,Female,none,True,a,1
830,Female,none,True,d,2
830,Female,none,True,r,3
831,Female,none,False,r,3
831,Female,none,False,d,2
831,Female,none,False,a,1
832,Female,none,True,d,2
832,Female,none,True,a,1
832,Female,none,True,r,3
833,Female,none,False,r,3
833,Female,none,False,d,2
833,Female,none,False,a,1
834,Female,none,True,r,3
834,Female,none,True,a,2
834,Female,none,True,d,1
835,Female,none,False,d,1
835,Female,none,False,a,2
835,Female,none,False,r,3
836,Female,none,True,d,3
836,Female,none,True,a,1
836,Female,none,True,r,2
837,Female,none,False,d,1
837,Female,none,False,a,2
837,Female,none,False,r,3
838,Female,none,True,r,3
838,Female,none,True,d,2
838,Female,none,True,a,1
839,Female,none,False,r,3
839,Female,none,False,d,2
839,Female,none,False,a,1
840,Female,none,True,a,1
840,Female,none,True,d,2
840,Female,none,True,r,3
841,Female,none,False,d,2
841,Female,none,False,r,3
841,Female,none,False,a,1
842,Female,none,True,d,1
842,Female,none,True,r,2
842,Female,none,True,a,3
843,Female,none,False,r,3
843,Female,none,False,a,1
843,Female,none,False,d,2
844,Female,none,True,r,3
844,Female,none,True,d,2
844,Female,none,True,a,1
845,Female,none,False,r,3
845,Female,none,False,a,2
845,Female,none,False,d,1
846,Female,none,True,a,1
846,Female,none,True,r,3
846,Female,none,True,d,2
847,Female,none,False,d,2
847,Female,none,False,r,3
847,Female,none,False,a,1
848,Female,none,True,a,1
848,Female,none,True,r,3
848,Female,none,True,d,2
849,Female,none,False,a,2
849,Female,none,False,d,1
849,Female,none,False,r,3
850,Female,none,True,d,2
850,Female,none,True,a,1
850,Female,none,True,r,3
851,Female,none,False,d,1
851,Female,none,False,r,3
851,Female,none,False,a,2
852,Female,none,True,d,3
852,Female,none,True,r,1
852,Female,none,True,a,2
853,Female,none,False,a,1
853,Female,none,False,d,2
853,Female,none,False,r,3
854,Female,none,True,d,3
854,Female,none,True,r,2
854,Female,none,True,a,1
855,Female,none,False,d,1
855,Female,none,False,a,2
855,Female,none,False,r,3
856,Female,none,True,r,3
856,Female,none,True,d,1
856,Female,none,True,a,2
857,Female,none,False,d,1
857,Female,none,False,a,2
857,Female,none,False,r,3
858,Female,none,True,d,3
858,Female,none,True,a,2
858,Female,none,True,r,1
859,Female,none,False,d,2
859,Female,none,False,r,3
859,Female,none,False,a,1
860,Female,none,True,a,1
860,Female,none,True,d,2
860,Female,none,True,r,3
861,Female,none,False,r,3
861,Female,none,False,d,1
861,Female,none,False,a,2
862,Female,none,True,d,2
862,Female,none,True,a,1
862,Female,none,True,r,3
863,Female,none,False,r,3
863,Female,none,False,d,2
863,Female,none,False,a,1
864,Female,none,True,r,3
864,Female,none,True,a,2
864,Female,none,True,d,1
865,Female,none,False,d,1
865,Female,none,False,a,2
865,Female,none,False,r,3
866,Female,none,True,d,1
866,Female,none,True,a,2
866,Female,none,True,r,3
867,Female,none,False,d,2
867,Female,none,False,a,1
867,Female,none,False,r,3
868,Female,none,True,r,3
868,Female,none,True,d,2
868,Female,none,True,a,1
869,Female,none,False,r,3
869,Female,none,False,d,2
869,Female,none,False,a,1
870,Female,none,True,a,2
870,Female,none,True,d,1
870,Female,none,True,r,3
871,Male,none,False,d,2
871,Male,none,False,r,3
871,Male,none,False,a,1
872,Male,none,True,d,1
872,Male,none,True,r,3
872,Male,none,True,a,2
873,Male,none,False,r,3
873,Male,none,False,a,1
873,Male,none,False,d,2
874,Male,none,True,r,3
874,Male,none,True,d,2
874,Male,none,True,a,1
875,Male,none,False,r,3
875,Male,none,False,a,1
875,Male,none,False,d,2
876,Male,none,True,a,1
876,Male,none,True,r,3
876,Male,none,True,d,2
877,Male,none,False,d,2
877,Male,none,False,r,3
877,Male,none,False,a,1
878,Male,none,True,a,1
878,Male,none,True,r,3
878,Male,none,True,d,2
879,Male,none,False,a,2
879,Male,none,False,d,1
879,Male,none,False,r,3
880,Male,none,True,d,2
880,Male,none,True,a,1
880,Male,none,True,r,3
881,Male,none,False,d,1
881,Male,none,False,r,3
881,Male,none,False,a,2
882,Male,none,True,d,3
882,Male,none,True,r,2
882,Male,none,True,a,1
883,Male,none,False,a,1
883,Male,none,False,d,2
883,Male,none,False,r,3
884,Male,none,True,d,3
884,Male,none,True,r,2
884,Male,none,True,a,1
885,Male,none,False,d,2
885,Male,none,False,a,1
885,Male,none,False,r,3
886,Male,none,True,r,2
886,Male,none,True,d,1
886,Male,none,True,a,3
887,Male,none,False,d,1
887,Male,none,False,a,2
887,Male,none,False,r,3
888,Male,none,True,d,2
888,Male,none,True,a,3
888,Male,none,True,r,1
889,Male,none,False,d,2
889,Male,none,False,r,3
889,Male,none,False,a,1
890,Male,none,True,a,2
890,Male,none,True,d,3
890,Male,none,True,r,1
891,Male,none,False,r,3
891,Male,none,False,d,1
891,Male,none,False,a,2
892,Male,none,True,d,2
892,Male,none,True,a,1
892,Male,none,True,r,3
893,Male,none,False,r,3
893,Male,none,False,d,2
893,Male,none,False,a,1
894,Male,none,True,r,3
894,Male,none,True,a,2
894,Male,none,True,d,1
895,Male,none,False,d,1
895,Male,none,False,a,2
895,Male,none,False,r,3
896,Male,none,True,d,1
896,Male,none,True,a,3
896,Male,none,True,r,2
897,Male,none,False,d,1
897,Male,none,False,a,2
897,Male,none,False,r,3
898,Male,none,True,r,3
898,Male,none,True,d,2
898,Male,none,True,a,1
899,Male,none,False,r,3
899,Male,none,False,d,2
899,Male,none,False,a,1
900,Male,none,True,a,1
900,Male,none,True,d,2
900,Male,none,True,r,3
901,Male,none,False,d,2
901,Male,none,False,r,3
901,Male,none,False,a,1
902,Male,none,True,d,1
902,Male,none,True,r,3
902,Male,none,True,a,2
903,Male,none,False,r,3
903,Male,none,False,a,1
903,Male,none,False,d,2
904,Male,none,True,r,3
904,Male,none,True,d,2
904,Male,none,True,a,1
905,Male,none,False,r,3
905,Male,none,False,a,1
905,Male,none,False,d,2
906,Male,none,True,a,1
906,Male,none,True,r,3
906,Male,none,True,d,2
907,Male,none,False,d,2
907,Male,none,False,r,3
907,Male,none,False,a,1
908,Male,none,True,a,2
908,Male,none,True,r,3
908,Male,none,True,d,1
909,Male,none,False,a,1
909,Male,none,False,d,2
909,Male,none,False,r,3
910,Male,none,True,d,2
910,Male,none,True,a,1
910,Male,none,True,r,3
911,Male,none,False,d,1
911,Male,none,False,r,3
911,Male,none,False,a,2
912,Male,none,True,d,1
912,Male,none,True,r,3
912,Male,none,True,a,2
913,Male,none,False,a,1
913,Male,none,False,d,2
913,Male,none,False,r,3
914,Male,none,True,d,2
914,Male,none,True,r,3
914,Male,none,True,a,1
915,Male,none,False,d,1
915,Male,none,False,a,2
915,Male,none,False,r,3
916,Male,none,True,r,3
916,Male,none,True,d,1
916,Male,none,True,a,2
917,Male,none,False,d,1
917,Male,none,False,a,2
917,Male,none,False,r,3
918,Male,none,True,d,2
918,Male,none,True,a,3
918,Male,none,True,r,1
919,Male,none,False,d,2
919,Male,none,False,r,3
919,Male,none,False,a,1
920,Male,none,True,a,1
920,Male,none,True,d,2
920,Male,none,True,r,3
921,Male,none,False,r,3
921,Male,none,False,d,2
921,Male,none,False,a,1
922,Male,none,True,d,2
922,Male,none,True,a,1
922,Male,none,True,r,3
923,Male,none,False,r,3
923,Male,none,False,d,2
923,Male,none,False,a,1
924,Male,none,True,r,3
924,Male,none,True,a,2
924,Male,none,True,d,1
925,Male,none,False,d,1
925,Male,none,False,a,2
925,Male,none,False,r,3
926,Male,none,True,d,1
926,Male,none,True,a,3
926,Male,none,True,r,2
927,Male,none,False,d,2
927,Male,none,False,a,1
927,Male,none,False,r,3
928,Male,none,True,r,3
928,Male,none,True,d,2
928,Male,none,True,a,1
929,Male,none,False,r,3
929,Male,none,False,d,2
929,Male,none,False,a,1
930,Male,none,True,a,1
930,Male,none,True,d,2
930,Male,none,True,r,3
931,Male,shape,False,d,3
931,Male,shape,False,r,2
931,Male,shape,False,a,1
932,Male,shape,True,d,2
932,Male,shape,True,r,1
932,Male,shape,True,a,3
933,Male,shape,False,r,3
933,Male,shape,False,a,1
933,Male,shape,False,d,2
934,Male,shape,True,r,3
934,Male,shape,True,d,2
934,Male,shape,True,a,1
935,Male,shape,False,r,3
935,Male,shape,False,a,1
935,Male,shape,False,d,2
936,Male,shape,True,a,1
936,Male,shape,True,r,3
936,Male,shape,True,d,2
937,Male,shape,False,d,1
937,Male,shape,False,r,2
937,Male,shape,False,a,3
938,Male,shape,True,a,3
938,Male,shape,True,r,1
938,Male,shape,True,d,2
939,Male,shape,False,a,1
939,Male,shape,False,d,2
939,Male,shape,False,r,3
940,Male,shape,True,d,3
940,Male,shape,True,a,1
940,Male,shape,True,r,2
941,Male,shape,False,d,3
941,Male,shape,False,r,2
941,Male,shape,False,a,1
942,Male,shape,True,d,3
942,Male,shape,True,r,2
942,Male,shape,True,a,1
943,Male,shape,False,a,1
943,Male,shape,False,d,3
943,Male,shape,False,r,2
944,Male,shape,True,d,1
944,Male,shape,True,r,2
944,Male,shape,True,a,3
945,Male,shape,False,d,1
945,Male,shape,False,a,2
945,Male,shape,False,r,3
946,Male,shape,True,r,3
946,Male,shape,True,d,2
946,Male,shape,True,a,1
947,Male,shape,False,d,1
947,Male,shape,False,a,3
947,Male,shape,False,r,2
948,Male,shape,True,d,1
948,Male,shape,True,a,2
948,Male,shape,True,r,3
949,Male,shape,False,d,2
949,Male,shape,False,r,3
949,Male,shape,False,a,1
950,Male,shape,True,a,3
950,Male,shape,True,d,2
950,Male,shape,True,r,1
951,Male,shape,False,r,3
951,Male,shape,False,d,2
951,Male,shape,False,a,1
952,Male,shape,True,d,1
952,Male,shape,True,a,2
952,Male,shape,True,r,3
953,Male,shape,False,r,3
953,Male,shape,False,d,1
953,Male,shape,False,a,2
954,Male,shape,True,r,3
954,Male,shape,True,a,2
954,Male,shape,True,d,1
955,Male,shape,False,d,1
955,Male,shape,False,a,2
955,Male,shape,False,r,3
956,Male,shape,True,d,1
956,Male,shape,True,a,2
956,Male,shape,True,r,3
957,Male,shape,False,d,1
957,Male,shape,False,a,2
957,Male,shape,False,r,3
958,Male,shape,True,r,2
958,Male,shape,True,d,3
958,Male,shape,True,a,1
959,Male,shape,False,r,3
959,Male,shape,False,d,2
959,Male,shape,False,a,1
960,Male,shape,True,a,1
960,Male,shape,True,d,2
960,Male,shape,True,r,3
961,Female,none,False,d,2
961,Female,none,False,r,3
961,Female,none,False,a,1
962,Female,none,True,d,1
962,Female,none,True,r,3
962,Female,none,True,a,2
963,Female,none,False,r,3
963,Female,none,False,a,1
963,Female,none,False,d,2
964,Female,none,True,r,3
964,Female,none,True,d,2
964,Female,none,True,a,1
965,Female,none,False,r,3
965,Female,none,False,a,1
965,Female,none,False,d,2
966,Female,none,True,a,1
966,Female,none,True,r,2
966,Female,none,True,d,3
967,Female,none,False,d,2
967,Female,none,False,r,3
967,Female,none,False,a,1
968,Female,none,True,a,2
968,Female,none,True,r,3
968,Female,none,True,d,1
969,Female,none,False,a,2
969,Female,none,False,d,1
969,Female,none,False,r,3
970,Female,none,True,d,3
970,Female,none,True,a,1
970,Female,none,True,r,2
971,Female,none,False,d,1
971,Female,none,False,r,3
971,Female,none,False,a,2
972,Female,none,True,d,3
972,Female,none,True,r,1
972,Female,none,True,a,2
973,Female,none,False,a,1
973,Female,none,False,d,2
973,Female,none,False,r,3
974,Female,none,True,d,3
974,Female,none,True,r,2
974,Female,none,True,a,1
975,Female,none,False,d,1
975,Female,none,False,a,2
975,Female,none,False,r,3
976,Female,none,True,r,2
976,Female,none,True,d,1
976,Female,none,True,a,3
977,Female,none,False,d,1
977,Female,none,False,a,2
977,Female,none,False,r,3
978,Female,none,True,d,2
978,Female,none,True,a,3
978,Female,none,True,r,1
979,Female,none,False,d,2
979,Female,none,False,r,3
979,Female,none,False,a,1
980,Female,none,True,a,3
980,Female,none,True,d,1
980,Female,none,True,r,2
981,Female,none,False,r,3
981,Female,none,False,d,1
981,Female,none,False,a,2
982,Female,none,True,d,2
982,Female,none,True,a,1
982,Female,none,True,r,3
983,Female,none,False,r,3
983,Female,none,False,d,2
983,Female,none,False,a,1
984,Female,none,True,r,3
984,Female,none,True,a,1
984,Female,none,True,d,2
985,Female,none,False,d,3
985,Female,none,False,a,2
985,Female,none,False,r,1
986,Female,none,True,d,1
986,Female,none,True,a,2
986,Female,none,True,r,3
987,Female,none,False,d,2
987,Female,none,False,a,1
987,Female,none,False,r,3
988,Female,none,True,r,1
988,Female,none,True,d,2
988,Female,none,True,a,3
989,Female,none,False,r,3
989,Female,none,False,d,2
989,Female,none,False,a,1
990,Female,none,True,a,1
990,Female,none,True,d,2
990,Female,none,True,r,3
991,Male,none,False,d,2
991,Male,none,False,r,3
991,Male,none,False,a,1
992,Male,none,True,d,1
992,Male,none,True,r,3
992,Male,none,True,a,2
993,Male,none,False,r,3
993,Male,none,False,a,2
993,Male,none,False,d,1
994,Male,none,True,r,3
994,Male,none,True,d,2
994,Male,none,True,a,1
995,Male,none,False,r,3
995,Male,none,False,a,1
995,Male,none,False,d,2
996,Male,none,True,a,1
996,Male,none,True,r,2
996,Male,none,True,d,3
997,Male,none,False,d,3
997,Male,none,False,r,2
997,Male,none,False,a,1
998,Male,none,True,a,2
998,Male,none,True,r,3
998,Male,none,True,d,1
999,Male,none,False,a,2
999,Male,none,False,d,1
999,Male,none,False,r,3
1000,Male,none,True,d,3
1000,Male,none,True,a,1
1000,Male,none,True,r,2
1001,Male,none,False,d,1
1001,Male,none,False,r,3
1001,Male,none,False,a,2
1002,Male,none,True,d,1
1002,Male,none,True,r,3
1002,Male,none,True,a,2
1003,Male,none,False,a,1
1003,Male,none,False,d,2
1003,Male,none,False,r,3
1004,Male,none,True,d,1
1004,Male,none,True,r,3
1004,Male,none,True,a,2
1005,Male,none,False,d,2
1005,Male,none,False,a,1
1005,Male,none,False,r,3
1006,Male,none,True,r,3
1006,Male,none,True,d,1
1006,Male,none,True,a,2
1007,Male,none,False,d,2
1007,Male,none,False,a,1
1007,Male,none,False,r,3
1008,Male,none,True,d,2
1008,Male,none,True,a,3
1008,Male,none,True,r,1
1009,Male,none,False,d,2
1009,Male,none,False,r,3
1009,Male,none,False,a,1
1010,Male,none,True,a,2
1010,Male,none,True,d,3
1010,Male,none,True,r,1
1011,Male,none,False,r,3
1011,Male,none,False,d,2
1011,Male,none,False,a,1
1012,Male,none,True,d,2
1012,Male,none,True,a,1
1012,Male,none,True,r,3
1013,Male,none,False,r,3
1013,Male,none,False,d,2
1013,Male,none,False,a,1
1014,Male,none,True,r,3
1014,Male,none,True,a,2
1014,Male,none,True,d,1
1015,Male,none,False,d,1
1015,Male,none,False,a,2
1015,Male,none,False,r,3
1016,Male,none,True,d,1
1016,Male,none,True,a,2
1016,Male,none,True,r,3
1017,Male,none,False,d,2
1017,Male,none,False,a,1
1017,Male,none,False,r,3
1018,Male,none,True,r,3
1018,Male,none,True,d,2
1018,Male,none,True,a,1
1019,Male,none,False,r,3
1019,Male,none,False,d,2
1019,Male,none,False,a,1
1020,Male,none,True,a,1
1020,Male,none,True,d,2
1020,Male,none,True,r,3
1021,Male,none,False,d,3
1021,Male,none,False,r,2
1021,Male,none,False,a,1
1022,Male,none,True,d,1
1022,Male,none,True,r,3
1022,Male,none,True,a,2
1023,Male,none,False,r,3
1023,Male,none,False,a,1
1023,Male,none,False,d,2
1024,Male,none,True,r,3
1024,Male,none,True,d,1
1024,Male,none,True,a,2
1025,Male,none,False,r,3
1025,Male,none,False,a,1
1025,Male,none,False,d,2
1026,Male,none,True,a,1
1026,Male,none,True,r,3
1026,Male,none,True,d,2
1027,Male,none,False,d,3
1027,Male,none,False,r,2
1027,Male,none,False,a,1
1028,Male,none,True,a,2
1028,Male,none,True,r,3
1028,Male,none,True,d,1
1029,Male,none,False,a,2
1029,Male,none,False,d,1
1029,Male,none,False,r,3
1030,Male,none,True,d,3
1030,Male,none,True,a,2
1030,Male,none,True,r,1
1031,Male,none,False,d,1
1031,Male,none,False,r,2
1031,Male,none,False,a,3
1032,Male,none,True,d,2
1032,Male,none,True,r,3
1032,Male,none,True,a,1
1033,Male,none,False,a,1
1033,Male,none,False,d,2
1033,Male,none,False,r,3
1034,Male,none,True,d,1
1034,Male,none,True,r,3
1034,Male,none,True,a,2
1035,Male,none,False,d,2
1035,Male,none,False,a,1
1035,Male,none,False,r,3
1036,Male,none,True,r,2
1036,Male,none,True,d,1
1036,Male,none,True,a,3
1037,Male,none,False,d,2
1037,Male,none,False,a,1
1037,Male,none,False,r,3
1038,Male,none,True,d,3
1038,Male,none,True,a,2
1038,Male,none,True,r,1
1039,Male,none,False,d,2
1039,Male,none,False,r,3
1039,Male,none,False,a,1
1040,Male,none,True,a,1
1040,Male,none,True,d,3
1040,Male,none,True,r,2
1041,Male,none,False,r,2
1041,Male,none,False,d,3
1041,Male,none,False,a,1
1042,Male,none,True,d,2
1042,Male,none,True,a,1
1042,Male,none,True,r,3
1043,Male,none,False,r,3
1043,Male,none,False,d,2
1043,Male,none,False,a,1
1044,Male,none,True,r,3
1044,Male,none,True,a,1
1044,Male,none,True,d,2
1045,Male,none,False,d,1
1045,Male,none,False,a,2
1045,Male,none,False,r,3
1046,Male,none,True,d,2
1046,Male,none,True,a,1
1046,Male,none,True,r,3
1047,Male,none,False,d,2
1047,Male,none,False,a,1
1047,Male,none,False,r,3
1048,Male,none,True,r,3
1048,Male,none,True,d,2
1048,Male,none,True,a,1
1049,Male,none,False,r,3
1049,Male,none,False,d,2
1049,Male,none,False,a,1
1050,Male,none,True,a,1
1050,Male,none,True,d,2
1050,Male,none,True,r,3
1051,Female,none,False,d,2
1051,Female,none,False,r,3
1051,Female,none,False,a,1
1052,Female,none,True,d,1
1052,Female,none,True,r,3
1052,Female,none,True,a,2
1053,Female,none,False,r,2
1053,Female,none,False,a,3
1053,Female,none,False,d,1
1054,Female,none,True,r,2
1054,Female,none,True,d,3
1054,Female,none,True,a,1
1055,Female,none,False,r,2
1055,Female,none,False,a,1
1055,Female,none,False,d,3
1056,Female,none,True,a,2
1056,Female,none,True,r,3
1056,Female,none,True,d,1
1057,Female,none,False,d,3
1057,Female,none,False,r,2
1057,Female,none,False,a,1
1058,Female,none,True,a,2
1058,Female,none,True,r,3
1058,Female,none,True,d,1
1059,Female,none,False,a,2
1059,Female,none,False,d,1
1059,Female,none,False,r,3
1060,Female,none,True,d,2
1060,Female,none,True,a,1
1060,Female,none,True,r,3
1061,Female,none,False,d,1
1061,Female,none,False,r,2
1061,Female,none,False,a,3
1062,Female,none,True,d,3
1062,Female,none,True,r,1
1062,Female,none,True,a,2
1063,Female,none,False,a,1
1063,Female,none,False,d,2
1063,Female,none,False,r,3
1064,Female,none,True,d,1
1064,Female,none,True,r,3
1064,Female,none,True,a,2
1065,Female,none,False,d,2
1065,Female,none,False,a,1
1065,Female,none,False,r,3
1066,Female,none,True,r,3
1066,Female,none,True,d,1
1066,Female,none,True,a,2
1067,Female,none,False,d,2
1067,Female,none,False,a,1
1067,Female,none,False,r,3
1068,Female,none,True,d,3
1068,Female,none,True,a,1
1068,Female,none,True,r,2
1069,Female,none,False,d,1
1069,Female,none,False,r,3
1069,Female,none,False,a,2
1070,Female,none,True,a,1
1070,Female,none,True,d,2
1070,Female,none,True,r,3
1071,Female,none,False,r,2
1071,Female,none,False,d,3
1071,Female,none,False,a,1
1072,Female,none,True,d,2
1072,Female,none,True,a,1
1072,Female,none,True,r,3
1073,Female,none,False,r,3
1073,Female,none,False,d,1
1073,Female,none,False,a,2
1074,Female,none,True,r,3
1074,Female,none,True,a,2
1074,Female,none,True,d,1
1075,Female,none,False,d,1
1075,Female,none,False,a,2
1075,Female,none,False,r,3
1076,Female,none,True,d,1
1076,Female,none,True,a,2
1076,Female,none,True,r,3
1077,Female,none,False,d,1
1077,Female,none,False,a,2
1077,Female,none,False,r,3
1078,Female,none,True,r,3
1078,Female,none,True,d,2
1078,Female,none,True,a,1
1079,Female,none,False,r,3
1079,Female,none,False,d,2
1079,Female,none,False,a,1
1080,Female,none,True,a,1
1080,Female,none,True,d,2
1080,Female,none,True,r,3
1081,Female,none,False,d,2
1081,Female,none,False,r,3
1081,Female,none,False,a,1
1082,Female,none,True,d,2
1082,Female,none,True,r,1
1082,Female,none,True,a,3
1083,Female,none,False,r,3
1083,Female,none,False,a,1
1083,Female,none,False,d,2
1084,Female,none,True,r,3
1084,Female,none,True,d,2
1084,Female,none,True,a,1
1085,Female,none,False,r,3
1085,Female,none,False,a,1
1085,Female,none,False,d,2
1086,Female,none,True,a,2
1086,Female,none,True,r,3
1086,Female,none,True,d,1
1087,Female,none,False,d,3
1087,Female,none,False,r,2
1087,Female,none,False,a,1
1088,Female,none,True,a,2
1088,Female,none,True,r,3
1088,Female,none,True,d,1
1089,Female,none,False,a,1
1089,Female,none,False,d,3
1089,Female,none,False,r,2
1090,Female,none,True,d,2
1090,Female,none,True,a,1
1090,Female,none,True,r,3
1091,Female,none,False,d,2
1091,Female,none,False,r,3
1091,Female,none,False,a,1
1092,Female,none,True,d,3
1092,Female,none,True,r,1
1092,Female,none,True,a,2
1093,Female,none,False,a,1
1093,Female,none,False,d,2
1093,Female,none,False,r,3
1094,Female,none,True,d,1
1094,Female,none,True,r,3
1094,Female,none,True,a,2
1095,Female,none,False,d,2
1095,Female,none,False,a,1
1095,Female,none,False,r,3
1096,Female,none,True,r,2
1096,Female,none,True,d,1
1096,Female,none,True,a,3
1097,Female,none,False,d,1
1097,Female,none,False,a,2
1097,Female,none,False,r,3
1098,Female,none,True,d,1
1098,Female,none,True,a,3
1098,Female,none,True,r,2
1099,Female,none,False,d,2
1099,Female,none,False,r,3
1099,Female,none,False,a,1
1100,Female,none,True,a,3
1100,Female,none,True,d,1
1100,Female,none,True,r,2
1101,Female,none,False,r,2
1101,Female,none,False,d,3
1101,Female,none,False,a,1
1102,Female,none,True,d,2
1102,Female,none,True,a,1
1102,Female,none,True,r,3
1103,Female,none,False,r,3
1103,Female,none,False,d,2
1103,Female,none,False,a,1
1104,Female,none,True,r,3
1104,Female,none,True,a,1
1104,Female,none,True,d,2
1105,Female,none,False,d,1
1105,Female,none,False,a,2
1105,Female,none,False,r,3
1106,Female,none,True,d,3
1106,Female,none,True,a,2
1106,Female,none,True,r,1
1107,Female,none,False,d,1
1107,Female,none,False,a,2
1107,Female,none,False,r,3
1108,Female,none,True,r,3
1108,Female,none,True,d,2
1108,Female,none,True,a,1
1109,Female,none,False,r,3
1109,Female,none,False,d,2
1109,Female,none,False,a,1
1110,Female,none,True,a,2
1110,Female,none,True,d,1
1110,Female,none,True,r,3
1111,Male,none,False,d,2
1111,Male,none,False,r,3
1111,Male,none,False,a,1
1112,Male,none,True,d,1
1112,Male,none,True,r,3
1112,Male,none,True,a,2
1113,Male,none,False,r,3
1113,Male,none,False,a,2
1113,Male,none,False,d,1
1114,Male,none,True,r,3
1114,Male,none,True,d,2
1114,Male,none,True,a,1
1115,Male,none,False,r,3
1115,Male,none,False,a,1
1115,Male,none,False,d,2
1116,Male,none,True,a,1
1116,Male,none,True,r,3
1116,Male,none,True,d,2
1117,Male,none,False,d,1
1117,Male,none,False,r,3
1117,Male,none,False,a,2
1118,Male,none,True,a,2
1118,Male,none,True,r,3
1118,Male,none,True,d,1
1119,Male,none,False,a,2
1119,Male,none,False,d,1
1119,Male,none,False,r,3
1120,Male,none,True,d,2
1120,Male,none,True,a,1
1120,Male,none,True,r,3
1121,Male,none,False,d,1
1121,Male,none,False,r,3
1121,Male,none,False,a,2
1122,Male,none,True,d,1
1122,Male,none,True,r,3
1122,Male,none,True,a,2
1123,Male,none,False,a,1
1123,Male,none,False,d,2
1123,Male,none,False,r,3
1124,Male,none,True,d,1
1124,Male,none,True,r,3
1124,Male,none,True,a,2
1125,Male,none,False,d,1
1125,Male,none,False,a,2
1125,Male,none,False,r,3
1126,Male,none,True,r,3
1126,Male,none,True,d,1
1126,Male,none,True,a,2
1127,Male,none,False,d,1
1127,Male,none,False,a,2
1127,Male,none,False,r,3
1128,Male,none,True,d,2
1128,Male,none,True,a,1
1128,Male,none,True,r,3
1129,Male,none,False,d,1
1129,Male,none,False,r,3
1129,Male,none,False,a,2
1130,Male,none,True,a,3
1130,Male,none,True,d,2
1130,Male,none,True,r,1
1131,Male,none,False,r,3
1131,Male,none,False,d,2
1131,Male,none,False,a,1
1132,Male,none,True,d,2
1132,Male,none,True,a,1
1132,Male,none,True,r,3
1133,Male,none,False,r,3
1133,Male,none,False,d,2
1133,Male,none,False,a,1
1134,Male,none,True,r,3
1134,Male,none,True,a,2
1134,Male,none,True,d,1
1135,Male,none,False,d,1
1135,Male,none,False,a,2
1135,Male,none,False,r,3
1136,Male,none,True,d,3
1136,Male,none,True,a,1
1136,Male,none,True,r,2
1137,Male,none,False,d,1
1137,Male,none,False,a,2
1137,Male,none,False,r,3
1138,Male,none,True,r,3
1138,Male,none,True,d,2
1138,Male,none,True,a,1
1139,Male,none,False,r,3
1139,Male,none,False,d,2
1139,Male,none,False,a,1
1140,Male,none,True,a,2
1140,Male,none,True,d,1
1140,Male,none,True,r,3
1141,Male,none,False,d,3
1141,Male,none,False,r,2
1141,Male,none,False,a,1
1142,Male,none,True,d,1
1142,Male,none,True,r,3
1142,Male,none,True,a,2
1143,Male,none,False,r,3
1143,Male,none,False,a,1
1143,Male,none,False,d,2
1144,Male,none,True,r,3
1144,Male,none,True,d,2
1144,Male,none,True,a,1
1145,Male,none,False,r,3
1145,Male,none,False,a,1
1145,Male,none,False,d,2
1146,Male,none,True,a,1
1146,Male,none,True,r,3
1146,Male,none,True,d,2
1147,Male,none,False,d,1
1147,Male,none,False,r,3
1147,Male,none,False,a,2
1148,Male,none,True,a,2
1148,Male,none,True,r,3
1148,Male,none,True,d,1
1149,Male,none,False,a,2
1149,Male,none,False,d,1
1149,Male,none,False,r,3
1150,Male,none,True,d,2
1150,Male,none,True,a,1
1150,Male,none,True,r,3
1151,Male,none,False,d,1
1151,Male,none,False,r,3
1151,Male,none,False,a,2
1152,Male,none,True,d,1
1152,Male,none,True,r,3
1152,Male,none,True,a,2
1153,Male,none,False,a,1
1153,Male,none,False,d,2
1153,Male,none,False,r,3
1154,Male,none,True,d,1
1154,Male,none,True,r,2
1154,Male,none,True,a,3
1155,Male,none,False,d,1
1155,Male,none,False,a,2
1155,Male,none,False,r,3
1156,Male,none,True,r,2
1156,Male,none,True,d,3
1156,Male,none,True,a,1
1157,Male,none,False,d,1
1157,Male,none,False,a,2
1157,Male,none,False,r,3
1158,Male,none,True,d,3
1158,Male,none,True,a,2
1158,Male,none,True,r,1
1159,Male,none,False,d,1
1159,Male,none,False,r,3
1159,Male,none,False,a,2
1160,Male,none,True,a,1
1160,Male,none,True,d,2
1160,Male,none,True,r,3
1161,Male,none,False,r,2
1161,Male,none,False,d,3
1161,Male,none,False,a,1
1162,Male,none,True,d,2
1162,Male,none,True,a,1
1162,Male,none,True,r,3
1163,Male,none,False,r,3
1163,Male,none,False,d,2
1163,Male,none,False,a,1
1164,Male,none,True,r,3
1164,Male,none,True,a,2
1164,Male,none,True,d,1
1165,Male,none,False,d,1
1165,Male,none,False,a,2
1165,Male,none,False,r,3
1166,Male,none,True,d,1
1166,Male,none,True,a,2
1166,Male,none,True,r,3
1167,Male,none,False,d,2
1167,Male,none,False,a,1
1167,Male,none,False,r,3
1168,Male,none,True,r,3
1168,Male,none,True,d,2
1168,Male,none,True,a,1
1169,Male,none,False,r,3
1169,Male,none,False,d,2
1169,Male,none,False,a,1
1170,Male,none,True,a,2
1170,Male,none,True,d,1
1170,Male,none,True,r,3
1171,Male,none,False,d,2
1171,Male,none,False,r,3
1171,Male,none,False,a,1
1172,Male,none,True,d,1
1172,Male,none,True,r,3
1172,Male,none,True,a,2
1173,Male,none,False,r,3
1173,Male,none,False,a,2
1173,Male,none,False,d,1
1174,Male,none,True,r,3
1174,Male,none,True,d,2
1174,Male,none,True,a,1
1175,Male,none,False,r,3
1175,Male,none,False,a,1
1175,Male,none,False,d,2
1176,Male,none,True,a,3
1176,Male,none,True,r,2
1176,Male,none,True,d,1
1177,Male,none,False,d,3
1177,Male,none,False,r,2
1177,Male,none,False,a,1
1178,Male,none,True,a,2
1178,Male,none,True,r,3
1178,Male,none,True,d,1
1179,Male,none,False,a,1
1179,Male,none,False,d,2
1179,Male,none,False,r,3
1180,Male,none,True,d,2
1180,Male,none,True,a,1
1180,Male,none,True,r,3
1181,Male,none,False,d,1
1181,Male,none,False,r,3
1181,Male,none,False,a,2
1182,Male,none,True,d,3
1182,Male,none,True,r,1
1182,Male,none,True,a,2
1183,Male,none,False,a,1
1183,Male,none,False,d,2
1183,Male,none,False,r,3
1184,Male,none,True,d,2
1184,Male,none,True,r,3
1184,Male,none,True,a,1
1185,Male,none,False,d,2
1185,Male,none,False,a,1
1185,Male,none,False,r,3
1186,Male,none,True,r,2
1186,Male,none,True,d,1
1186,Male,none,True,a,3
1187,Male,none,False,d,1
1187,Male,none,False,a,2
1187,Male,none,False,r,3
1188,Male,none,True,d,3
1188,Male,none,True,a,1
1188,Male,none,True,r,2
1189,Male,none,False,d,2
1189,Male,none,False,r,3
1189,Male,none,False,a,1
1190,Male,none,True,a,3
1190,Male,none,True,d,2
1190,Male,none,True,r,1
1191,Male,none,False,r,2
1191,Male,none,False,d,3
1191,Male,none,False,a,1
1192,Male,none,True,d,2
1192,Male,none,True,a,1
1192,Male,none,True,r,3
1193,Male,none,False,r,3
1193,Male,none,False,d,2
1193,Male,none,False,a,1
1194,Male,none,True,r,3
1194,Male,none,True,a,1
1194,Male,none,True,d,2
1195,Male,none,False,d,1
1195,Male,none,False,a,2
1195,Male,none,False,r,3
1196,Male,none,True,d,1
1196,Male,none,True,a,3
1196,Male,none,True,r,2
1197,Male,none,False,d,1
1197,Male,none,False,a,2
1197,Male,none,False,r,3
1198,Male,none,True,r,3
1198,Male,none,True,d,2
1198,Male,none,True,a,1
1199,Male,none,False,r,3
1199,Male,none,False,d,2
1199,Male,none,False,a,1
1200,Male,none,True,a,1
1200,Male,none,True,d,2
1200,Male,none,True,r,3
1201,Female,none,False,d,1
1201,Female,none,False,r,3
1201,Female,none,False,a,2
1202,Female,none,True,d,1
1202,Female,none,True,r,2
1202,Female,none,True,a,3
1203,Female,none,False,r,3
1203,Female,none,False,a,2
1203,Female,none,False,d,1
1204,Female,none,True,r,3
1204,Female,none,True,d,2
1204,Female,none,True,a,1
1205,Female,none,False,r,3
1205,Female,none,False,a,1
1205,Female,none,False,d,2
1206,Female,none,True,a,1
1206,Female,none,True,r,3
1206,Female,none,True,d,2
1207,Female,none,False,d,3
1207,Female,none,False,r,2
1207,Female,none,False,a,1
1208,Female,none,True,a,2
1208,Female,none,True,r,1
1208,Female,none,True,d,3
1209,Female,none,False,a,2
1209,Female,none,False,d,1
1209,Female,none,False,r,3
1210,Female,none,True,d,3
1210,Female,none,True,a,1
1210,Female,none,True,r,2
1211,Female,none,False,d,1
1211,Female,none,False,r,2
1211,Female,none,False,a,3
1212,Female,none,True,d,1
1212,Female,none,True,r,3
1212,Female,none,True,a,2
1213,Female,none,False,a,1
1213,Female,none,False,d,2
1213,Female,none,False,r,3
1214,Female,none,True,d,2
1214,Female,none,True,r,3
1214,Female,none,True,a,1
1215,Female,none,False,d,1
1215,Female,none,False,a,2
1215,Female,none,False,r,3
1216,Female,none,True,r,2
1216,Female,none,True,d,1
1216,Female,none,True,a,3
1217,Female,none,False,d,2
1217,Female,none,False,a,1
1217,Female,none,False,r,3
1218,Female,none,True,d,3
1218,Female,none,True,a,2
1218,Female,none,True,r,1
1219,Female,none,False,d,3
1219,Female,none,False,r,2
1219,Female,none,False,a,1
1220,Female,none,True,a,3
1220,Female,none,True,d,2
1220,Female,none,True,r,1
1221,Female,none,False,r,2
1221,Female,none,False,d,3
1221,Female,none,False,a,1
1222,Female,none,True,d,2
1222,Female,none,True,a,1
1222,Female,none,True,r,3
1223,Female,none,False,r,3
1223,Female,none,False,d,1
1223,Female,none,False,a,2
1224,Female,none,True,r,3
1224,Female,none,True,a,1
1224,Female,none,True,d,2
1225,Female,none,False,d,1
1225,Female,none,False,a,2
1225,Female,none,False,r,3
1226,Female,none,True,d,1
1226,Female,none,True,a,2
1226,Female,none,True,r,3
1227,Female,none,False,d,1
1227,Female,none,False,a,2
1227,Female,none,False,r,3
1228,Female,none,True,r,3
1228,Female,none,True,d,2
1228,Female,none,True,a,1
1229,Female,none,False,r,3
1229,Female,none,False,d,2
1229,Female,none,False,a,1
1230,Female,none,True,a,2
1230,Female,none,True,d,1
1230,Female,none,True,r,3
1231,Female,shape,False,d,2
1231,Female,shape,False,r,3
1231,Female,shape,False,a,1
1232,Female,shape,True,d,1
1232,Female,shape,True,r,3
1232,Female,shape,True,a,2
1233,Female,shape,False,r,3
1233,Female,shape,False,a,1
1233,Female,shape,False,d,2
1234,Female,shape,True,r,3
1234,Female,shape,True,d,2
1234,Female,shape,True,a,1
1235,Female,shape,False,r,3
1235,Female,shape,False,a,1
1235,Female,shape,False,d,2
1236,Female,shape,True,a,1
1236,Female,shape,True,r,3
1236,Female,shape,True,d,2
1237,Female,shape,False,d,1
1237,Female,shape,False,r,3
1237,Female,shape,False,a,2
1238,Female,shape,True,a,2
1238,Female,shape,True,r,3
1238,Female,shape,True,d,1
1239,Female,shape,False,a,2
1239,Female,shape,False,d,1
1239,Female,shape,False,r,3
1240,Female,shape,True,d,2
1240,Female,shape,True,a,1
1240,Female,shape,True,r,3
1241,Female,shape,False,d,1
1241,Female,shape,False,r,3
1241,Female,shape,False,a,2
1242,Female,shape,True,d,1
1242,Female,shape,True,r,3
1242,Female,shape,True,a,2
1243,Female,shape,False,a,1
1243,Female,shape,False,d,2
1243,Female,shape,False,r,3
1244,Female,shape,True,d,1
1244,Female,shape,True,r,2
1244,Female,shape,True,a,3
1245,Female,shape,False,d,2
1245,Female,shape,False,a,1
1245,Female,shape,False,r,3
1246,Female,shape,True,r,2
1246,Female,shape,True,d,1
1246,Female,shape,True,a,3
1247,Female,shape,False,d,1
1247,Female,shape,False,a,2
1247,Female,shape,False,r,3
1248,Female,shape,True,d,2
1248,Female,shape,True,a,1
1248,Female,shape,True,r,3
1249,Female,shape,False,d,2
1249,Female,shape,False,r,3
1249,Female,shape,False,a,1
1250,Female,shape,True,a,3
1250,Female,shape,True,d,2
1250,Female,shape,True,r,1
1251,Female,shape,False,r,3
1251,Female,shape,False,d,2
1251,Female,shape,False,a,1
1252,Female,shape,True,d,2
1252,Female,shape,True,a,1
1252,Female,shape,True,r,3
1253,Female,shape,False,r,3
1253,Female,shape,False,d,2
1253,Female,shape,False,a,1
1254,Female,shape,True,r,3
1254,Female,shape,True,a,2
1254,Female,shape,True,d,1
1255,Female,shape,False,d,1
1255,Female,shape,False,a,2
1255,Female,shape,False,r,3
1256,Female,shape,True,d,1
1256,Female,shape,True,a,2
1256,Female,shape,True,r,3
1257,Female,shape,False,d,1
1257,Female,shape,False,a,2
1257,Female,shape,False,r,3
1258,Female,shape,True,r,3
1258,Female,shape,True,d,2
1258,Female,shape,True,a,1
1259,Female,shape,False,r,3
1259,Female,shape,False,d,2
1259,Female,shape,False,a,1
1260,Female,shape,True,a,1
1260,Female,shape,True,d,2
1260,Female,shape,True,r,3
